									
1	Итак	итак	ADV	_	_	_	_	_	@vvp1934m-words#@vvp1934m#634.21#634.486
2	/	/	PUNCT	_	_	_	_	_	@vvp1934m-words#@vvp1934m#634.486#634.762
3	поговорим	поговорить	VERB	_	Aspect=Perf|Mood=Ind|Number=Plur|Person=1|Tense=Fut|VerbForm=Fin|Voice=Act	_	_	_	@vvp1934m-words#@vvp1934m#634.762#635.038
4	о	о	ADP	_	_	_	_	_	@vvp1934m-words#@vvp1934m#635.038#635.314
5	языке	язык	NOUN	_	Animacy=Inan|Case=Loc|Gender=Masc|Number=Sing	_	_	_	@vvp1934m-words#@vvp1934m#635.314#635.59
6	значит	значить	VERB	_	Aspect=Imp|Mood=Ind|Number=Sing|Person=3|Tense=Pres|VerbForm=Fin|Voice=Act	_	_	_	@vvp1934m-words#@vvp1934m#635.62#635.985
7	/	/	PUNCT	_	_	_	_	_	@vvp1934m-words#@vvp1934m#635.985#636.35
8	вы	вы	PRON	_	Case=Nom|Number=Plur|Person=2	_	_	_	@vvp1934m-words#@vvp1934m#636.35#636.715
9	утверждаете	утверждать	VERB	_	Aspect=Imp|Mood=Ind|Number=Plur|Person=2|Tense=Pres|VerbForm=Fin|Voice=Act	_	_	_	@vvp1934m-words#@vvp1934m#636.715#637.08
10	/	/	PUNCT	_	_	_	_	_	@vvp1934m-words#@vvp1934m#637.08#637.445
11	я	я	PRON	_	Case=Nom|Number=Sing|Person=1	_	_	_	@vvp1934m-words#@vvp1934m#637.445#637.81
12	вас	вы	PRON	_	Case=Acc|Number=Plur|Person=2	_	_	_	@vvp1934m-words#@vvp1934m#637.81#638.175
13	цитирую	цитировать	VERB	_	Aspect=Imp|Mood=Ind|Number=Sing|Person=1|Tense=Pres|VerbForm=Fin|Voice=Act	_	_	_	@vvp1934m-words#@vvp1934m#638.175#638.54
14	/	/	PUNCT	_	_	_	_	_	@vvp1934m-words#@vvp1934m#638.54#638.905
15	что	что	SCONJ	_	_	_	_	_	@vvp1934m-words#@vvp1934m#638.905#639.27
16	самые	самый	ADJ	_	Case=Nom|Degree=Pos|Number=Plur	_	_	_	@vvp1934m-words#@vvp1934m#639.27#639.635
17	сложные	сложный	ADJ	_	Case=Nom|Degree=Pos|Number=Plur	_	_	_	@vvp1934m-words#@vvp1934m#639.635#640.0
18	после	после	ADP	_	_	_	_	_	@vvp1934m-words#@vvp1934m#640.0#640.365
19	нашей	наш	DET	_	Case=Gen|Gender=Fem|Number=Sing	_	_	_	@vvp1934m-words#@vvp1934m#640.365#640.73
20	вселенной	вселенная	NOUN	_	Animacy=Inan|Case=Gen|Gender=Fem|Number=Sing	_	_	_	@vvp1934m-words#@vvp1934m#640.73#641.095
21	/	/	PUNCT	_	_	_	_	_	@vvp1934m-words#@vvp1934m#641.095#641.46
22	это	это	PRON	_	Animacy=Inan|Case=Nom|Gender=Neut|Number=Sing	_	_	_	@vvp1934m-words#@vvp1934m#641.46#641.825
23	человеческий	человеческий	ADJ	_	Case=Nom|Degree=Pos|Gender=Masc|Number=Sing	_	_	_	@vvp1934m-words#@vvp1934m#641.825#642.19
24	мозг	мозг	NOUN	_	Animacy=Inan|Case=Nom|Gender=Masc|Number=Sing	_	_	_	@vvp1934m-words#@vvp1934m#642.19#642.555
25	и	и	CCONJ	_	_	_	_	_	@vvp1934m-words#@vvp1934m#642.555#642.92
26	язык	язык	NOUN	_	Animacy=Inan|Case=Nom|Gender=Masc|Number=Sing	_	_	_	@vvp1934m-words#@vvp1934m#642.92#643.3
27	#цыкает#	#цыкает#	Х	_	_	_	_	_	@vvp1934m-words#@vvp1934m#643.6#643.863
28	про	про	ADP	_	_	_	_	_	@vvp1934m-words#@vvp1934m#643.863#644.126
29	мозг	мозг	NOUN	_	Animacy=Inan|Case=Acc|Gender=Masc|Number=Sing	_	_	_	@vvp1934m-words#@vvp1934m#644.126#644.389
30	мы	мы	PRON	_	Case=Nom|Number=Plur|Person=1	_	_	_	@vvp1934m-words#@vvp1934m#644.389#644.652
31	уже	уже	ADV	_	Degree=Pos	_	_	_	@vvp1934m-words#@vvp1934m#644.652#644.915
32	как-то	как-то	ADV	_	Degree=Pos	_	_	_	@vvp1934m-words#@vvp1934m#644.915#645.178
33	поговорили	поговорить	VERB	_	Aspect=Perf|Mood=Ind|Number=Plur|Tense=Past|VerbForm=Fin|Voice=Act	_	_	_	@vvp1934m-words#@vvp1934m#645.178#645.441
34	/	/	PUNCT	_	_	_	_	_	@vvp1934m-words#@vvp1934m#645.441#645.704
35	хотя	хотя	SCONJ	_	_	_	_	_	@vvp1934m-words#@vvp1934m#645.704#645.967
36	вернемся	вернуться	VERB	_	Aspect=Perf|Mood=Ind|Number=Plur|Person=1|Tense=Fut|VerbForm=Fin|Voice=Mid	_	_	_	@vvp1934m-words#@vvp1934m#645.967#646.23
37	к	к	ADP	_	_	_	_	_	@vvp1934m-words#@vvp1934m#646.23#646.493
38	нему	он	PRON	_	Case=Dat|Gender=Masc|Number=Sing|Person=3	_	_	_	@vvp1934m-words#@vvp1934m#646.493#646.756
39	еще	еще	ADV	_	Degree=Pos	_	_	_	@vvp1934m-words#@vvp1934m#646.756#647.019
40	раз…	раз	ADV	_	Degree=Pos	_	_	_	@vvp1934m-words#@vvp1934m#647.019#647.282
41	не	не	PART	_	_	_	_	_	@vvp1934m-words#@vvp1934m#647.282#647.545
42	раз	раз	ADV	_	Degree=Pos	_	_	_	@vvp1934m-words#@vvp1934m#647.545#647.808
43	/	/	PUNCT	_	_	_	_	_	@vvp1934m-words#@vvp1934m#647.808#648.071
44	или	или	CCONJ	_	_	_	_	_	@vvp1934m-words#@vvp1934m#648.071#648.334
45	он	он	PRON	_	Case=Nom|Gender=Masc|Number=Sing|Person=3	_	_	_	@vvp1934m-words#@vvp1934m#648.334#648.597
46	нас	мы	PRON	_	Case=Acc|Number=Plur|Person=1	_	_	_	@vvp1934m-words#@vvp1934m#648.597#648.86
47	вернет	вернуть	VERB	_	Aspect=Perf|Mood=Ind|Number=Sing|Person=3|Tense=Fut|VerbForm=Fin|Voice=Act	_	_	_	@vvp1934m-words#@vvp1934m#648.86#649.123
48	к	к	ADP	_	_	_	_	_	@vvp1934m-words#@vvp1934m#649.123#649.386
49	себе	себя	PRON	_	Case=Dat	_	_	_	@vvp1934m-words#@vvp1934m#649.386#649.649
50	/	/	PUNCT	_	_	_	_	_	@vvp1934m-words#@vvp1934m#649.649#649.912
51	уж	уж	ADV	_	Degree=Pos	_	_	_	@vvp1934m-words#@vvp1934m#649.912#650.175
52	тут	тут	ADV	_	Degree=Pos	_	_	_	@vvp1934m-words#@vvp1934m#650.175#650.438
53	не	не	PART	_	_	_	_	_	@vvp1934m-words#@vvp1934m#650.438#650.701
54	знаю	знать	VERB	_	Aspect=Imp|Mood=Ind|Number=Sing|Person=1|Tense=Pres|VerbForm=Fin|Voice=Act	_	_	_	@vvp1934m-words#@vvp1934m#650.701#650.964
55	как	как	ADV	_	Degree=Pos	_	_	_	@vvp1934m-words#@vvp1934m#650.964#651.227
56	сказать	сказать	VERB	_	Aspect=Perf|VerbForm=Inf|Voice=Act	_	_	_	@vvp1934m-words#@vvp1934m#651.227#651.49
57	в	в	ADP	_	_	_	_	_	@vvp1934m-words#@vvp1934m#652.32#652.653
58	чем	что	PRON	_	Case=Loc	_	_	_	@vvp1934m-words#@vvp1934m#652.653#652.986
59	такая	такой	DET	_	Case=Nom|Gender=Fem|Number=Sing	_	_	_	@vvp1934m-words#@vvp1934m#652.986#653.319
60	уж	уж	ADV	_	Degree=Pos	_	_	_	@vvp1934m-words#@vvp1934m#653.319#653.652
61	сложность	сложность	NOUN	_	Animacy=Inan|Case=Nom|Gender=Fem|Number=Sing	_	_	_	@vvp1934m-words#@vvp1934m#653.652#653.985
62	языка	языка	PUNCT	_	_	_	_	_	@vvp1934m-words#@vvp1934m#653.985#654.32
63	?	?	PUNCT	_	_	_	_	_	@vvp1934m-words#@vvp1934m#653.985#654.32
64	конечно	конечно	PART	_	_	_	_	_	@vvp1934m-words#@vvp1934m#658.84#659.31
65	да	да	PART	_	_	_	_	_	@vvp1934m-words#@vvp1934m#749.636#750.021
66	да	да	PART	_	_	_	_	_	@vvp1934m-words#@vvp1934m#751.439#751.779
67	ну	ну	PART	_	_	_	_	_	@vvp1934m-words#@vvp1934m#770.538#770.933
68	аа	аa	INTJ	_	_	_	_	_	@vvp1934m-words#@vvp1934m#778.834#779.177
69	и	и	CCONJ	_	_	_	_	_	@vvp1934m-words#@vvp1934m#779.177#779.52
70	никакого	никакой	DET	_	Case=Gen|Gender=Neut|Number=Sing	_	_	_	@vvp1934m-words#@vvp1934m#779.52#779.863
71	толкования	толкование	NOUN	_	Animacy=Inan|Case=Gen|Gender=Neut|Number=Sing	_	_	_	@vvp1934m-words#@vvp1934m#779.863#780.208
72	конечно	конечно	PART	_	_	_	_	_	@vvp1934m-words#@vvp1934m#890.186#890.653
73	конечно	конечно	PART	_	_	_	_	_	@vvp1934m-words#@vvp1934m#890.653#891.121
74	хорошо	хорошо	PART	_	_	_	_	_	@vvp1934m-words#@vvp1934m#893.219#893.555
75	/	/	PUNCT	_	_	_	_	_	@vvp1934m-words#@vvp1934m#893.555#893.891
76	скажите	сказать	VERB	_	Aspect=Perf|Mood=Imp|Number=Plur|Person=2|VerbForm=Fin|Voice=Act	_	_	_	@vvp1934m-words#@vvp1934m#893.891#894.227
77	мне	я	PRON	_	Case=Dat|Number=Sing|Person=1	_	_	_	@vvp1934m-words#@vvp1934m#894.227#894.563
78	пожалуйста	пожалуйста	PART	_	_	_	_	_	@vvp1934m-words#@vvp1934m#894.563#894.899
79	/	/	PUNCT	_	_	_	_	_	@vvp1934m-words#@vvp1934m#894.899#895.235
80	есть	быть	VERB	_	Aspect=Imp|Mood=Ind|Number=Sing|Person=3|Tense=Pres|VerbForm=Fin|Voice=Act	_	_	_	@vvp1934m-words#@vvp1934m#895.235#895.571
81	ли	ли	PART	_	_	_	_	_	@vvp1934m-words#@vvp1934m#895.571#895.907
82	ген	ген	NOUN	_	Animacy=Inan|Case=Nom|Gender=Masc|Number=Sing	_	_	_	@vvp1934m-words#@vvp1934m#895.907#896.243
83	языка	язык	NOUN	_	Animacy=Inan|Case=Gen|Gender=Masc|Number=Sing	_	_	_	@vvp1934m-words#@vvp1934m#896.243#896.579
84	на	на	ADP	_	_	_	_	_	@vvp1934m-words#@vvp1934m#896.579#896.915
85	ваш	ваш	DET	_	Case=Nom|Gender=Masc|Number=Sing	_	_	_	@vvp1934m-words#@vvp1934m#896.915#897.251
86	взгляд	взгляд	NOUN	_	Animacy=Inan|Case=Acc|Gender=Masc|Number=Sing	_	_	_	@vvp1934m-words#@vvp1934m#897.251#897.592
87	?	?	PUNCT	_	_	_	_	_	@vvp1934m-words#@vvp1934m#897.251#897.592
88	нету	нет	PART	_	_	_	_	_	@vvp1934m-words#@vvp1934m#902.164#902.604
89	ээм	эм	INTJ	_	_	_	_	_	@tvc1947f-words#@tvc1947f#655.21#655.538
90	вот	вот	PART	_	_	_	_	_	@tvc1947f-words#@tvc1947f#655.538#655.866
91	если	если	SCONJ	_	_	_	_	_	@tvc1947f-words#@tvc1947f#655.866#656.194
92	вы	вы	PRON	_	Case=Nom|Number=Plur|Person=2	_	_	_	@tvc1947f-words#@tvc1947f#656.194#656.522
93	позволите	позволить	VERB	_	Aspect=Perf|Mood=Ind|Number=Plur|Person=2|Tense=Fut|VerbForm=Fin|Voice=Act	_	_	_	@tvc1947f-words#@tvc1947f#656.522#656.85
94	/	/	PUNCT	_	_	_	_	_	@tvc1947f-words#@tvc1947f#656.85#657.178
95	я	я	PRON	_	Case=Nom|Number=Sing|Person=1	_	_	_	@tvc1947f-words#@tvc1947f#657.178#657.506
96	на	на	ADP	_	_	_	_	_	@tvc1947f-words#@tvc1947f#657.506#657.834
97	шаг	шаг	NOUN	_	Animacy=Inan|Case=Acc|Gender=Masc|Number=Sing	_	_	_	@tvc1947f-words#@tvc1947f#657.834#658.162
98	раньше	рано	ADV	_	Degree=Cmp	_	_	_	@tvc1947f-words#@tvc1947f#658.162#658.49
99	отступлю	отступить	VERB	_	Aspect=Perf|Mood=Ind|Number=Sing|Person=1|Tense=Fut|VerbForm=Fin|Voice=Act	_	_	_	@tvc1947f-words#@tvc1947f#658.49#658.82
100	все	весь	DET	_	Case=Nom|Number=Plur	_	_	_	@tvc1947f-words#@tvc1947f#659.32#659.793
101	живые	живой	ADJ	_	Case=Nom|Degree=Pos|Number=Plur	_	_	_	@tvc1947f-words#@tvc1947f#659.793#660.266
102	организмы	организм	NOUN	_	Animacy=Inan|Case=Nom|Number=Plur	_	_	_	@tvc1947f-words#@tvc1947f#660.266#660.739
103	/	/	PUNCT	_	_	_	_	_	@tvc1947f-words#@tvc1947f#660.739#661.212
104	все	весь	DET	_	Case=Nom|Number=Plur	_	_	_	@tvc1947f-words#@tvc1947f#661.212#661.685
105	любой	любой	DET	_	Case=Gen|Gender=Fem|Number=Sing	_	_	_	@tvc1947f-words#@tvc1947f#661.685#662.158
106	степени	степень	NOUN	_	Animacy=Inan|Case=Gen|Gender=Fem|Number=Sing	_	_	_	@tvc1947f-words#@tvc1947f#662.158#662.631
107	сложности	сложность	NOUN	_	Animacy=Inan|Case=Gen|Gender=Fem|Number=Sing	_	_	_	@tvc1947f-words#@tvc1947f#662.631#663.104
108	/	/	PUNCT	_	_	_	_	_	@tvc1947f-words#@tvc1947f#663.104#663.577
109	имеют	иметь	VERB	_	Aspect=Imp|Mood=Ind|Number=Plur|Person=3|Tense=Pres|VerbForm=Fin|Voice=Act	_	_	_	@tvc1947f-words#@tvc1947f#663.577#664.05
110	какие-то	какой-то	DET	_	Case=Nom|Number=Plur	_	_	_	@tvc1947f-words#@tvc1947f#664.05#664.523
111	системы	система	NOUN	_	Animacy=Inan|Case=Nom|Number=Plur	_	_	_	@tvc1947f-words#@tvc1947f#664.523#664.996
112	коммуникации	коммуникация	NOUN	_	Animacy=Inan|Case=Gen|Gender=Fem|Number=Sing	_	_	_	@tvc1947f-words#@tvc1947f#664.996#665.48
113	кто	кто	PRON	_	Case=Nom	_	_	_	@tvc1947f-words#@tvc1947f#665.909#666.328
114	коммуницирует	коммуницировать	VERB	_	Aspect=Imp|Mood=Ind|Number=Sing|Person=3|Tense=Pres|VerbForm=Fin|Voice=Act	_	_	_	@tvc1947f-words#@tvc1947f#666.328#666.747
115	с	с	ADP	_	_	_	_	_	@tvc1947f-words#@tvc1947f#666.747#667.166
116	помощью	помощь	NOUN	_	Animacy=Inan|Case=Ins|Gender=Fem|Number=Sing	_	_	_	@tvc1947f-words#@tvc1947f#667.166#667.585
117	химии	химия	NOUN	_	Animacy=Inan|Case=Gen|Gender=Fem|Number=Sing	_	_	_	@tvc1947f-words#@tvc1947f#667.585#668.004
118	скажем	сказать	VERB	_	Aspect=Perf|Mood=Ind|Number=Plur|Person=1|Tense=Fut|VerbForm=Fin|Voice=Act	_	_	_	@tvc1947f-words#@tvc1947f#668.004#668.423
119	инфузория-туфелька	инфузория-туфелька	NOUN	_	Animacy=Amim|Case=Nom|Gender=Fem|Number=Sing	_	_	_	@tvc1947f-words#@tvc1947f#668.423#668.842
120	/	/	PUNCT	_	_	_	_	_	@tvc1947f-words#@tvc1947f#669.261#669.68
121	кто	кто	PRON	_	Case=Nom	_	_	_	@tvc1947f-words#@tvc1947f#669.68#670.099
122	с	с	ADP	_	_	_	_	_	@tvc1947f-words#@tvc1947f#670.099#670.518
123	помощью	помощь	NOUN	_	Animacy=Inan|Case=Ins|Gender=Fem|Number=Sing	_	_	_	@tvc1947f-words#@tvc1947f#670.518#670.937
124	электричества	электричество	NOUN	_	Animacy=Inan|Case=Gen|Gender=Neut|Number=Sing	_	_	_	@tvc1947f-words#@tvc1947f#670.937#671.356
125	какой-нибудь	какой-нибудь	DET	_	Case=Nom|Gender=Masc|Number=Sing	_	_	_	@tvc1947f-words#@tvc1947f#671.356#671.775
126	электрический	электрический	ADJ	_	Case=Nom|Degree=Pos|Gender=Masc|Number=Sing	_	_	_	@tvc1947f-words#@tvc1947f#671.775#672.194
127	скат	скат	NOUN	_	Animacy=Anim|Case=Nom|Gender=Masc|Number=Sing	_	_	_	@tvc1947f-words#@tvc1947f#672.194#672.613
128	/	/	PUNCT	_	_	_	_	_	@tvc1947f-words#@tvc1947f#672.613#673.032
129	кто-то	кто-то	PRON	_	Case=Nom	_	_	_	@tvc1947f-words#@tvc1947f#673.032#673.451
130	активно	активно	ADV	_	Degree=Pos	_	_	_	@tvc1947f-words#@tvc1947f#673.451#673.87
131	/	/	PUNCT	_	_	_	_	_	@tvc1947f-words#@tvc1947f#673.87#674.289
132	кто	кто	PRON	_	Case=Nom	_	_	_	@tvc1947f-words#@tvc1947f#674.289#674.708
133	запаховым	запаховый	ADJ	_	Case=Ins|Degree=Pos|Gender=Masc|Number=Sing	_	_	_	@tvc1947f-words#@tvc1947f#674.708#675.127
134	образом	образ	NOUN	_	Animacy=Inan|Case=Ins|Gender=Masc|Number=Sing	_	_	_	@tvc1947f-words#@tvc1947f#675.127#675.546
135	/	/	PUNCT	_	_	_	_	_	@tvc1947f-words#@tvc1947f#675.546#675.965
136	кто	кто	PRON	_	Case=Nom	_	_	_	@tvc1947f-words#@tvc1947f#675.965#676.384
137	акустически	акустически	ADV	_	Degree=Pos	_	_	_	@tvc1947f-words#@tvc1947f#676.384#676.803
138	/	/	PUNCT	_	_	_	_	_	@tvc1947f-words#@tvc1947f#676.803#677.222
139	нет	нет	PART	_	_	_	_	_	@tvc1947f-words#@tvc1947f#677.222#677.641
140	/	/	PUNCT	_	_	_	_	_	@tvc1947f-words#@tvc1947f#677.641#678.06
141	организмов	организм	NOUN	_	Animacy=Inan|Case=Gen|Gender=Masc|Number=Plur	_	_	_	@tvc1947f-words#@tvc1947f#678.06#678.479
142	/	/	PUNCT	_	_	_	_	_	@tvc1947f-words#@tvc1947f#678.479#678.898
143	которые	который	PRON	_	Case=Nom	_	_	_	@tvc1947f-words#@tvc1947f#678.898#679.317
144	не	не	PART	_	_	_	_	_	@tvc1947f-words#@tvc1947f#679.317#679.736
145	вступают	вступать	VERB	_	Aspect=Imp|Mood=Ind|Number=Plur|Person=3|Tense=Pres|VerbForm=Fin|Voice=Act	_	_	_	@tvc1947f-words#@tvc1947f#679.736#680.155
146	в	в	ADP	_	_	_	_	_	@tvc1947f-words#@tvc1947f#680.155#680.574
147	коммуникацию	коммуникация	NOUN	_	Animacy=Inan|Case=Acc|Gender=Fem|Number=Sing	_	_	_	@tvc1947f-words#@tvc1947f#680.574#680.993
148	к	к	ADP	_	_	_	_	_	@tvc1947f-words#@tvc1947f#680.993#681.412
149	себе	себя	PRON	_	Case=Dat	_	_	_	@tvc1947f-words#@tvc1947f#681.412#681.831
150	подобными	подобный	ADJ	_	Case=Ins|Degree=Pos|Number=Plur	_	_	_	@tvc1947f-words#@tvc1947f#681.831#682.25
151	или	или	CCONJ	_	_	_	_	_	@tvc1947f-words#@tvc1947f#682.25#682.669
152	со	с	ADP	_	_	_	_	_	@tvc1947f-words#@tvc1947f#682.669#683.088
153	своими	свой	DET	_	Case=Ins|Case=Ins|Number=Plur	_	_	_	@tvc1947f-words#@tvc1947f#683.088#683.507
154	врагами	враг	NOUN	_	Animacy=Anim|Case=Ins|Gender=Masc|Number=Plur	_	_	_	@tvc1947f-words#@tvc1947f#683.507#683.926
155	или	или	CCONJ	_	_	_	_	_	@tvc1947f-words#@tvc1947f#683.926#684.345
156	даже	даже	PART	_	_	_	_	_	@tvc1947f-words#@tvc1947f#684.345#684.764
157	отчасти	отчасти	ADV	_	Degree=Pos	_	_	_	@tvc1947f-words#@tvc1947f#684.764#685.183
158	жертвами	жертва	NOUN	_	Animacy=Anim|Case=Ins|Number=Plur	_	_	_	@tvc1947f-words#@tvc1947f#685.183#685.637
159	#вздох#	#вздох#	X	_		_	_	_	@tvc1947f-words#@tvc1947f#685.999#686.37
160	/	/	PUNCT	_	_	_	_	_	@tvc1947f-words#@tvc1947f#686.37#686.741
161	и	и	CCONJ	_	_	_	_	_	@tvc1947f-words#@tvc1947f#686.741#687.112
162	поэтому	поэтому	ADV	_	Degree=Pos	_	_	_	@tvc1947f-words#@tvc1947f#687.112#687.483
163	встает	вставать	VERB	_	Aspect=Imp|Mood=Ind|Number=Sing|Person=3|Tense=Pres|VerbForm=Fin|Voice=Act	_	_	_	@tvc1947f-words#@tvc1947f#687.483#687.854
164	вопрос	вопрос	NOUN	_	Animacy=Inan|Case=Nom|Gender=Masc|Number=Sing	_	_	_	@tvc1947f-words#@tvc1947f#687.854#688.225
165	/	/	PUNCT	_	_	_	_	_	@tvc1947f-words#@tvc1947f#688.225#688.596
166	а	а	CCONJ	_	_	_	_	_	@tvc1947f-words#@tvc1947f#688.596#688.967
167	что	что	PRON	_	Case=Nom	_	_	_	@tvc1947f-words#@tvc1947f#688.967#689.338
168	такого	такой	DET	_	Case=Gen|Gender=Neut|Number=Sing	_	_	_	@tvc1947f-words#@tvc1947f#689.338#689.709
169	почему	почему	ADV	_	Degree=Pos	_	_	_	@tvc1947f-words#@tvc1947f#689.709#690.08
170	такой	такой	DET	_	Case=Nom|Gender=Masc|Number=Sing	_	_	_	@tvc1947f-words#@tvc1947f#690.08#690.451
171	пафос	пафос	NOUN	_	Animacy=Inan|Case=Nom|Gender=Masc|Number=Sing	_	_	_	@tvc1947f-words#@tvc1947f#690.451#690.822
172	вокруг	вокруг	ADP	_	_	_	_	_	@tvc1947f-words#@tvc1947f#690.822#691.193
173	именно	именно	PART	_	_	_	_	_	@tvc1947f-words#@tvc1947f#691.193#691.564
174	человеческого	человеческий	ADJ	_	Case=Gen|Degree=Pos|Gender=Masc|Number=Sing	_	_	_	@tvc1947f-words#@tvc1947f#691.564#691.935
175	языка	язык	NOUN	_	Animacy=Inan|Case=Gen|Gender=Masc|Number=Sing	_	_	_	@tvc1947f-words#@tvc1947f#691.935#692.306
176	/	/	PUNCT	_	_	_	_	_	@tvc1947f-words#@tvc1947f#692.306#692.677
177	и	и	CCONJ	_	_	_	_	_	@tvc1947f-words#@tvc1947f#692.677#693.048
178	на	на	ADP	_	_	_	_	_	@tvc1947f-words#@tvc1947f#693.048#693.419
179	эту	этот	DET	_	Case=Acc|Gender=Fem|Number=Sing	_	_	_	@tvc1947f-words#@tvc1947f#693.419#693.79
180	тему	тема	NOUN	_	Animacy=Inan|Case=Acc|Gender=Fem|Number=Sing	_	_	_	@tvc1947f-words#@tvc1947f#693.79#694.161
181	есть	быть	VERB	_	Aspect=Imp|Mood=Ind|Number=Plur|Person=3|Tense=Pres|VerbForm=Fin|Voice=Act	_	_	_	@tvc1947f-words#@tvc1947f#694.161#694.532
182	две	два	NUM	_	Case=Nom|Gender=Fem	_	_	_	@tvc1947f-words#@tvc1947f#694.532#694.903
183	такие	такой	DET	_	Case=Acc|Number=Plur	_	_	_	@tvc1947f-words#@tvc1947f#694.903#695.274
184	линии	линия	NOUN	_	Animacy=Inan|Case=Nom|Gender=Fem|Number=Plur	_	_	_	@tvc1947f-words#@tvc1947f#695.274#695.645
185	основных	основной	ADJ	_	Animacy=Anim|Case=Gen|Degree=Pos|Number=Plur	_	_	_	@tvc1947f-words#@tvc1947f#695.645#696.032
186	одни	один	DET	_	Case=Nom|Number=Plur	_	_	_	@tvc1947f-words#@tvc1947f#696.197#696.597
187	эээ	эээ	INTJ	_	_	_	_	_	@tvc1947f-words#@tvc1947f#696.597#696.997
188	/	/	PUNCT	_	_	_	_	_	@tvc1947f-words#@tvc1947f#696.997#697.397
189	я	я	PRON	_	Case=Nom|Number=Sing|Person=1	_	_	_	@tvc1947f-words#@tvc1947f#697.397#697.797
190	бы	бы	PART	_	_	_	_	_	@tvc1947f-words#@tvc1947f#697.797#698.197
191	даже	даже	PART	_	_	_	_	_	@tvc1947f-words#@tvc1947f#698.197#698.597
192	сказала	сказать	VERB	_	Aspect=Perf|Gender=Fem|Mood=Cnd|Number=Sing|Tense=Past|VerbForm=Fin|Voice=Act	_	_	_	@tvc1947f-words#@tvc1947f#698.597#698.997
193	начиная	начинать	VERB	_	Aspect=Imp|Tense=Pres|VerbForm=Conv|Voice=Act	_	_	_	@tvc1947f-words#@tvc1947f#698.997#699.397
194	с	с	ADP	_	_	_	_	_	@tvc1947f-words#@tvc1947f#699.397#699.797
195	Дарвина	Дарвин	PROPN	_	Animacy=Anim|Case=Gen|Gender=Masc|Number=Sing	_	_	_	@tvc1947f-words#@tvc1947f#699.797#700.197
196	хотя	хотя	SCONJ	_	_	_	_	_	@tvc1947f-words#@tvc1947f#700.197#700.597
197	он	он	PRON	_	Case=Nom|Gender=Masc|Number=Sing|Person=3	_	_	_	@tvc1947f-words#@tvc1947f#700.597#700.997
198	именно	именно	PART	_	_	_	_	_	@tvc1947f-words#@tvc1947f#700.997#701.397
199	языком-то	язык	NOUN	_	Animacy=Inan|Case=Ins|Gender=Masc|Number=Sing	_	_	_	@tvc1947f-words#@tvc1947f#701.397#701.797
200	не	не	PART	_	_	_	_	_	@tvc1947f-words#@tvc1947f#701.797#702.197
201	занимался	заниматься	VERB	_	Aspect=Imp|Gender=Masc|Mood=Ind|Number=Sing|Tense=Past|VerbForm=Fin|Voice=Mid	_	_	_	@tvc1947f-words#@tvc1947f#702.197#702.597
202	но	но	CCONJ	_	_	_	_	_	@tvc1947f-words#@tvc1947f#702.597#702.997
203	общее…	общее	ADJ	_	Case=Nom|Degree=Pos|Gender=Neut|Number=Sing	_	_	_	@tvc1947f-words#@tvc1947f#702.997#703.397
204	э	э	INTJ	_	_	_	_	_	@tvc1947f-words#@tvc1947f#703.397#703.797
205	общий	общий	ADJ	_	Case=Nom|Degree=Pos|Gender=Masc|Number=Sing	_	_	_	@tvc1947f-words#@tvc1947f#703.797#704.197
206	вектор	вектор	NOUN	_	Animacy=Inan|Case=Nom|Gender=Masc|Number=Sing	_	_	_	@tvc1947f-words#@tvc1947f#704.197#704.597
207	такой	такой	DET	_	Case=Nom|Gender=Masc|Number=Sing	_	_	_	@tvc1947f-words#@tvc1947f#704.597#704.999
208	говорят	говорить	VERB	_	Aspect=Imp|Mood=Ind|Number=Plur|Person=3|Tense=Pres|VerbForm=Fin|Voice=Act	_	_	_	@tvc1947f-words#@tvc1947f#705.208#705.574
209	/	/	PUNCT	_	_	_	_	_	@tvc1947f-words#@tvc1947f#705.574#705.94
210	да	да	PART	_	_	_	_	_	@tvc1947f-words#@tvc1947f#705.94#706.306
211	мы	мы	PRON	_	Case=Nom|Number=Plur|Person=1	_	_	_	@tvc1947f-words#@tvc1947f#706.306#706.672
212	примерно	примерно	ADV	_	Degree=Pos	_	_	_	@tvc1947f-words#@tvc1947f#706.672#707.038
213	такие	такой	DET	_	Case=Nom|Number=Plur	_	_	_	@tvc1947f-words#@tvc1947f#707.038#707.404
214	же	же	PART	_	_	_	_	_	@tvc1947f-words#@tvc1947f#707.404#707.77
215	как	как	SCONJ	_	_	_	_	_	@tvc1947f-words#@tvc1947f#707.77#708.136
216	все	весь	DET	_	Case=Nom|Number=Plur	_	_	_	@tvc1947f-words#@tvc1947f#708.136#708.502
217	остальные	остальной	ADJ	_	Case=Nom|Degree=Pos|Number=Plur	_	_	_	@tvc1947f-words#@tvc1947f#708.502#708.868
218	существа	существо	NOUN	_	Animacy=Inan|Case=Nom|Number=Plur	_	_	_	@tvc1947f-words#@tvc1947f#708.868#709.234
219	на	на	ADP	_	_	_	_	_	@tvc1947f-words#@tvc1947f#709.234#709.6
220	земле	земля	NOUN	_	Animacy=Inan|Case=Loc|Gender=Fem|Number=Sing	_	_	_	@tvc1947f-words#@tvc1947f#709.6#709.966
221	только	только	PART	_	_	_	_	_	@tvc1947f-words#@tvc1947f#709.966#710.332
222	намного	намного	ADV	_	Degree=Pos	_	_	_	@tvc1947f-words#@tvc1947f#710.332#710.698
223	умнее	умный	ADJ	_	Degree=Cmp	_	_	_	@tvc1947f-words#@tvc1947f#710.698#711.064
224	и	и	CCONJ	_	_	_	_	_	@tvc1947f-words#@tvc1947f#711.064#711.43
225	намного	намного	ADV	_	Degree=Pos	_	_	_	@tvc1947f-words#@tvc1947f#711.43#711.796
226	/	/	PUNCT	_	_	_	_	_	@tvc1947f-words#@tvc1947f#711.796#712.162
227	быстрее	быстро	ADV	_	Degree=Cmp	_	_	_	@tvc1947f-words#@tvc1947f#712.162#712.528
228	и	и	CCONJ	_	_	_	_	_	@tvc1947f-words#@tvc1947f#712.528#712.894
229	намного	намного	ADV	_	Degree=Pos	_	_	_	@tvc1947f-words#@tvc1947f#712.894#713.26
230	более	более	ADV	_	Degree=Cmp	_	_	_	@tvc1947f-words#@tvc1947f#713.26#713.626
231	эффективны	эффективный	ADJ	_	Degree=Pos|Number=Plur|Variant=Short	_	_	_	@tvc1947f-words#@tvc1947f#713.626#713.992
232	/	/	PUNCT	_	_	_	_	_	@tvc1947f-words#@tvc1947f#713.992#714.358
233	то	то	PRON	_	Animacy=Inan|Case=Nom|Gender=Neut|Number=Sing	_	_	_	@tvc1947f-words#@tvc1947f#714.358#714.724
234	есть	быть	VERB	_	Aspect=Imp|Mood=Ind|Number=Sing|Person=3|Tense=Pres|VerbForm=Fin|Voice=Act	_	_	_	@tvc1947f-words#@tvc1947f#714.358#714.724
235	вопрос	вопрос	NOUN	_	Animacy=Inan|Case=Nom|Gender=Masc|Number=Sing	_	_	_	@tvc1947f-words#@tvc1947f#715.09#715.456
236	в	в	ADP	_	_	_	_	_	@tvc1947f-words#@tvc1947f#715.456#715.822
237	степени	степень	NOUN	_	Animacy=Inan|Case=Loc|Gender=Fem|Number=Sing	_	_	_	@tvc1947f-words#@tvc1947f#715.822#716.208
238	а	а	CCONJ	_	_	_	_	_	@tvc1947f-words#@tvc1947f#716.615#716.78
239	есть	быть	VERB	_	Aspect=Imp|Mood=Ind|Number=Plur|Person=3|Tense=Pres|VerbForm=Fin|Voice=Act	_	_	_	@tvc1947f-words#@tvc1947f#716.78#717.14
240	другие	другой	ADJ	_	Case=Nom|Degree=Pos|Number=Plur	_	_	_	@tvc1947f-words#@tvc1947f#717.14#717.632
241	/	/	PUNCT	_	_	_	_	_	@tvc1947f-words#@tvc1947f#717.632#717.82
242	и	и	CCONJ	_	_	_	_	_	@tvc1947f-words#@tvc1947f#717.82#718.07
243	это	это	PRON	_	Animacy=Inan|Case=Nom|Gender=Neut|Number=Sing	_	_	_	@tvc1947f-words#@tvc1947f#718.07#718.35
244	ваш	ваш	DET	_	Case=Nom|Gender=Masc|Number=Sing	_	_	_	@tvc1947f-words#@tvc1947f#718.35#718.707
245	любимый	любимый	ADJ	_	Case=Nom|Degree=Pos|Gender=Masc|Number=Sing	_	_	_	@tvc1947f-words#@tvc1947f#718.707#719.064
246	Чомски	Чомски	NOUN	_	Animacy=Anim|Case=Nom|Gender=Masc|Number=Sing	_	_	_	@tvc1947f-words#@tvc1947f#719.064#719.421
247	или	или	CCONJ	_	_	_	_	_	@tvc1947f-words#@tvc1947f#719.421#719.7
248	в	в	ADP	_	_	_	_	_	@tvc1947f-words#@tvc1947f#719.7#719.9
249	русской	русский	ADJ	_	Case=Loc|Degree=Pos|Gender=Fem|Number=Sing	_	_	_	@tvc1947f-words#@tvc1947f#719.9#720.426
250	традиции	традиция	NOUN	_	Animacy=Inan|Case=Loc|Gender=Fem|Number=Sing	_	_	_	@tvc1947f-words#@tvc1947f#720.426#721.01
251	Хомский	Хомский	NOUN	_	Animacy=Anim|Case=Nom|Gender=Masc|Number=Sing	_	_	_	@tvc1947f-words#@tvc1947f#721.01#721.4
252	/	/	PUNCT	_	_	_	_	_	@tvc1947f-words#@tvc1947f#721.4#721.516
253	которые	который	PRON	_	Case=Nom|Number=Plur	_	_	_	@tvc1947f-words#@tvc1947f#721.516#721.88
254	говорят	говорить	VERB	_	Aspect=Imp|Mood=Ind|Number=Plur|Person=3|Tense=Pres|VerbForm=Fin|Voice=Act	_	_	_	@tvc1947f-words#@tvc1947f#721.88#722.244
255	нет	нет	PART	_	_	_	_	_	@tvc1947f-words#@tvc1947f#722.244#722.608
256	/	/	PUNCT	_	_	_	_	_	@tvc1947f-words#@tvc1947f#722.608#722.972
257	это	это	PRON	_	Animacy=Inan|Case=Nom|Gender=Neut|Number=Sing	_	_	_	@tvc1947f-words#@tvc1947f#722.972#723.336
258	вообще	вообще	ADV	_	Degree=Pos	_	_	_	@tvc1947f-words#@tvc1947f#723.336#723.7
259	другая	другой	ADJ	_	Case=Nom|Degree=Pos|Gender=Fem|Number=Sing	_	_	_	@tvc1947f-words#@tvc1947f#723.7#724.064
260	история	история	NOUN	_	Animacy=Inan|Case=Nom|Gender=Fem|Number=Sing	_	_	_	@tvc1947f-words#@tvc1947f#724.064#724.428
261	э	э	INTJ	_	_	_	_	_	@tvc1947f-words#@tvc1947f#724.812#725.174
262	мм	мм	INTJ	_	_	_	_	_	@tvc1947f-words#@tvc1947f#725.174#725.536
263	дело	дело	NOUN	_	Animacy=Inan|Case=Nom|Gender=Neut|Number=Sing	_	_	_	@tvc1947f-words#@tvc1947f#725.536#725.898
264	не	не	PART	_	_	_	_	_	@tvc1947f-words#@tvc1947f#725.898#726.26
265	в	в	ADP	_	_	_	_	_	@tvc1947f-words#@tvc1947f#726.26#726.622
266	том	то	PRON	_	Animacy=Inan|Case=Loc|Gender=Neut|Number=Sing	_	_	_	@tvc1947f-words#@tvc1947f#726.622#726.984
267	что	что	SCONJ	_	_	_	_	_	@tvc1947f-words#@tvc1947f#726.984#727.346
268	мы	мы	PRON	_	Case=Nom|Number=Plur|Person=1	_	_	_	@tvc1947f-words#@tvc1947f#727.346#727.708
269	умнее	умный	ADJ	_	Degree=Cmp	_	_	_	@tvc1947f-words#@tvc1947f#727.708#728.07
270	и	и	CCONJ	_	_	_	_	_	@tvc1947f-words#@tvc1947f#728.07#728.432
271	быстрее	быстро	ADV	_	Degree=Cmp	_	_	_	@tvc1947f-words#@tvc1947f#728.432#728.794
272	и	и	CCONJ	_	_	_	_	_	@tvc1947f-words#@tvc1947f#728.794#729.156
273	эффективнее	эффективно	ADV	_	Degree=Cmp	_	_	_	@tvc1947f-words#@tvc1947f#729.156#729.518
274	/	/	PUNCT	_	_	_	_	_	@tvc1947f-words#@tvc1947f#729.518#729.88
275	а	а	CCONJ	_	_	_	_	_	@tvc1947f-words#@tvc1947f#729.88#730.242
276	дело	дело	NOUN	_	Animacy=Inan|Case=Nom|Gender=Neut|Number=Sing	_	_	_	@tvc1947f-words#@tvc1947f#730.242#730.604
277	в	в	ADP	_	_	_	_	_	@tvc1947f-words#@tvc1947f#730.604#730.966
278	том	то	PRON	_	Animacy=Inan|Case=Loc|Gender=Neut|Number=Sing	_	_	_	@tvc1947f-words#@tvc1947f#730.966#731.328
279	что	что	PRON	_	Case=Nom	_	_	_	@tvc1947f-words#@tvc1947f#731.328#731.69
280	/	/	PUNCT	_	_	_	_	_	@tvc1947f-words#@tvc1947f#731.69#732.052
281	нам	мы	PRON	_	Case=Dat|Number=Plur|Person=1	_	_	_	@tvc1947f-words#@tvc1947f#732.052#732.414
282	аа	аа	INTJ	_	_	_	_	_	@tvc1947f-words#@tvc1947f#732.414#732.776
283	/	/	PUNCT	_	_	_	_	_	@tvc1947f-words#@tvc1947f#732.776#733.138
284	неведомыми	неведомый	ADJ	_	Case=Ins|Degree=Pos|Number=Plur	_	_	_	@tvc1947f-words#@tvc1947f#733.138#733.5
285	способами	способ	NOUN	_	Animacy=Inan|Case=Ins|Gender=Masc|Number=Plur	_	_	_	@tvc1947f-words#@tvc1947f#733.5#733.862
286	#вздох#	#вздох#	X	_	_	_	_	_	@tvc1947f-words#@tvc1947f#733.862#734.224
287	/	/	PUNCT	_	_	_	_	_	@tvc1947f-words#@tvc1947f#734.224#734.586
288	дан	дан	VERB	_	Aspect=Perf|Gender=Masc|Number=Sing|Tense=Past|Variant=Short|VerbForm=Part|Voice=Pass	_	_	_	@tvc1947f-words#@tvc1947f#734.586#734.948
289	инструмент	инструмент	NOUN	_	Animacy=Inan|Case=Nom|Gender=Masc|Number=Sing	_	_	_	@tvc1947f-words#@tvc1947f#734.948#735.31
290	и	и	CCONJ	_	_	_	_	_	@tvc1947f-words#@tvc1947f#735.31#735.672
291	это	это	PRON	_	Animacy=Inan|Case=Nom|Gender=Neut|Number=Sing	_	_	_	@tvc1947f-words#@tvc1947f#735.672#736.034
292	человеческий	человеческий	ADJ	_	Case=Nom|Degree=Pos|Gender=Masc|Number=Sing	_	_	_	@tvc1947f-words#@tvc1947f#736.034#736.396
293	язык	язык	NOUN	_	Animacy=Inan|Case=Nom|Gender=Masc|Number=Sing	_	_	_	@tvc1947f-words#@tvc1947f#736.396#736.758
294	/	/	PUNCT	_	_	_	_	_	@tvc1947f-words#@tvc1947f#736.758#737.12
295	который	который	PRON	_	Case=Nom	_	_	_	@tvc1947f-words#@tvc1947f#737.12#737.482
296	вообще	вообще	ADV	_	Degree=Pos	_	_	_	@tvc1947f-words#@tvc1947f#737.482#737.844
297	иначе	иначе	ADV	_	Degree=Pos	_	_	_	@tvc1947f-words#@tvc1947f#737.844#738.206
298	устроен	устроить	VERB	_	Aspect=Perf|Gender=Masc|Number=Sing|Tense=Past|Variant=Short|VerbForm=Part|Voice=Pass	_	_	_	@tvc1947f-words#@tvc1947f#738.206#738.568
299	и	и	CCONJ	_	_	_	_	_	@tvc1947f-words#@tvc1947f#738.568#738.93
300	обслуживает	обслуживать	VERB	_	Aspect=Imp|Mood=Ind|Number=Sing|Person=3|Tense=Pres|VerbForm=Fin|Voice=Act	_	_	_	@tvc1947f-words#@tvc1947f#738.93#739.292
301	совсем	совсем	ADV	_	Degree=Pos	_	_	_	@tvc1947f-words#@tvc1947f#739.292#739.654
302	другие	другой	ADJ	_	Animacy=Inan|Case=Acc|Degree=Pos|Number=Plur	_	_	_	@tvc1947f-words#@tvc1947f#739.654#740.016
303	вещи	вещь	NOUN	_	Animacy=Inan|Case=Acc|Gender=Fem|Number=Plur	_	_	_	@tvc1947f-words#@tvc1947f#740.016#740.378
304	/	/	PUNCT	_	_	_	_	_	@tvc1947f-words#@tvc1947f#740.378#740.74
305	не	не	PART	_	_	_	_	_	@tvc1947f-words#@tvc1947f#740.74#741.102
306	только	только	PART	_	_	_	_	_	@tvc1947f-words#@tvc1947f#741.102#741.464
307	коммуникацию	коммуникация	NOUN	_	Animacy=Inan|Case=Acc|Gender=Fem|Number=Sing	_	_	_	@tvc1947f-words#@tvc1947f#741.464#741.826
308	/	/	PUNCT	_	_	_	_	_	@tvc1947f-words#@tvc1947f#741.826#742.188
309	вот	вот	PART	_	_	_	_	_	@tvc1947f-words#@tvc1947f#742.188#742.55
310	это	это	PRON	_	Animacy=Inan|Case=Nom|Gender=Neut|Number=Sing	_	_	_	@tvc1947f-words#@tvc1947f#742.55#742.912
311	кстати	кстати	ADV	_	Degree=Pos	_	_	_	@tvc1947f-words#@tvc1947f#742.912#743.274
312	очень	очень	ADV	_	Degree=Pos	_	_	_	@tvc1947f-words#@tvc1947f#743.274#743.636
313	важная	важный	ADJ	_	Case=Nom|Degree=Pos|Gender=Fem|Number=Sing	_	_	_	@tvc1947f-words#@tvc1947f#743.636#743.998
314	вещь	вещь	NOUN	_	Animacy=Inan|Case=Nom|Gender=Fem|Number=Sing	_	_	_	@tvc1947f-words#@tvc1947f#743.998#744.406
315	аа	аа	INTJ	_	_	_	_	_	@tvc1947f-words#@tvc1947f#745.197#745.587
316	Хомский	Хомский	NOUN	_	Animacy=Anim|Case=Nom|Gender=Masc|Number=Sing	_	_	_	@tvc1947f-words#@tvc1947f#745.587#745.977
317	/	/	PUNCT	_	_	_	_	_	@tvc1947f-words#@tvc1947f#745.977#746.367
318	вообще	вообще	ADV	_	Degree=Pos	_	_	_	@tvc1947f-words#@tvc1947f#746.367#746.757
319	ну	ну	INTJ	_	_	_	_	_	@tvc1947f-words#@tvc1947f#746.757#747.147
320	он	он	PRON	_	Case=Nom|Gender=Masc|Number=Sing|Person=3	_	_	_	@tvc1947f-words#@tvc1947f#747.147#747.537
321	эк...	экcтремальный	ADJ	_	Case=Nom|Degree=Pos|Gender=Masc|Number=Sing	_	_	_	@tvc1947f-words#@tvc1947f#747.537#747.927
322	экстремальный	экстремальный	ADJ	_	Case=Nom|Degree=Pos|Gender=Masc|Number=Sing	_	_	_	@tvc1947f-words#@tvc1947f#747.927#748.317
323	такой	такой	DET	_	Case=Nom|Gender=Masc|Number=Sing	_	_	_	@tvc1947f-words#@tvc1947f#748.317#748.707
324	человек	человек	NOUN	_	Animacy=Anim|Case=Nom|Gender=Masc|Number=Sing	_	_	_	@tvc1947f-words#@tvc1947f#748.707#749.097
325	поэтому	поэтому	ADV	_	Degree=Pos	_	_	_	@tvc1947f-words#@tvc1947f#749.097#749.487
326	он	он	PRON	_	Case=Nom|Gender=Masc|Number=Sing|Person=3	_	_	_	@tvc1947f-words#@tvc1947f#749.487#749.877
327	говорит	говорить	VERB	_	Aspect=Imp|Mood=Ind|Number=Sing|Person=3|Tense=Pres|VerbForm=Fin|Voice=Act	_	_	_	@tvc1947f-words#@tvc1947f#749.877#750.267
328	очень	очень	ADV	_	Degree=Pos	_	_	_	@tvc1947f-words#@tvc1947f#750.267#750.657
329	так	так	ADV	_	Degree=Pos	_	_	_	@tvc1947f-words#@tvc1947f#750.657#751.047
330	жестко	жестко	ADV	_	Degree=Pos	_	_	_	@tvc1947f-words#@tvc1947f#751.047#751.45
331	он	он	PRON	_	Case=Nom|Gender=Masc|Number=Sing|Person=3	_	_	_	@tvc1947f-words#@tvc1947f#751.813#752.235
332	говорит	говорить	VERB	_	Aspect=Imp|Mood=Ind|Number=Sing|Person=3|Tense=Pres|VerbForm=Fin|Voice=Act	_	_	_	@tvc1947f-words#@tvc1947f#752.235#752.657
333	следующим	следующий	ADJ	_	Case=Ins|Degree=Pos|Gender=Masc|Number=Sing	_	_	_	@tvc1947f-words#@tvc1947f#752.657#753.079
334	образом	образ	NOUN	_	Animacy=Inan|Case=Ins|Gender=Masc|Number=Sing	_	_	_	@tvc1947f-words#@tvc1947f#753.079#753.501
335	/	/	PUNCT	_	_	_	_	_	@tvc1947f-words#@tvc1947f#753.501#753.923
336	язык	язык	NOUN	_	Animacy=Inan|Case=Nom|Gender=Masc|Number=Sing	_	_	_	@tvc1947f-words#@tvc1947f#753.923#754.345
337	ээ	ээ	INTJ	_	_	_	_	_	@tvc1947f-words#@tvc1947f#754.345#754.767
338	был	быть	AUX	_	Aspect=Imp|Gender=Masc|Mood=Ind|Number=Sing|Tense=Past|VerbForm=Fin|Voice=Act	_	_	_	@tvc1947f-words#@tvc1947f#754.767#755.189
339	создан	создать	VERB	_	Aspect=Perf|Gender=Masc|Number=Sing|Tense=Past|Variant=Short|VerbForm=Part|Voice=Pass	_	_	_	@tvc1947f-words#@tvc1947f#755.189#755.611
340	или	или	CCONJ	_	_	_	_	_	@tvc1947f-words#@tvc1947f#755.611#756.033
341	образовался	образовываться	VERB	_	Aspect=Perf|Gender=Masc|Mood=Ind|Number=Sing|Tense=Past|VerbForm=Fin|Voice=Mid	_	_	_	@tvc1947f-words#@tvc1947f#756.033#756.455
342	это	это	PRON	_	Animacy=Inan|Case=Acc|Gender=Neut|Number=Sing	_	_	_	@tvc1947f-words#@tvc1947f#756.455#756.877
343	я	я	PRON	_	Case=Nom|Number=Sing|Person=1	_	_	_	@tvc1947f-words#@tvc1947f#756.877#757.299
344	не	не	PART	_	_	_	_	_	@tvc1947f-words#@tvc1947f#757.299#757.721
345	настаиваю	настаивать	VERB	_	Aspect=Imp|Mood=Ind|Number=Sing|Person=1|Tense=Pres|VerbForm=Fin|Voice=Act	_	_	_	@tvc1947f-words#@tvc1947f#757.721#758.143
346	на	на	ADP	_	_	_	_	_	@tvc1947f-words#@tvc1947f#758.143#758.565
347	формулировке	формулировка	NOUN	_	Animacy=Inan|Case=Loc|Gender=Fem|Number=Sing	_	_	_	@tvc1947f-words#@tvc1947f#758.565#758.987
348	/	/	PUNCT	_	_	_	_	_	@tvc1947f-words#@tvc1947f#758.987#759.409
349	ээ	ээ	INTJ	_	_	_	_	_	@tvc1947f-words#@tvc1947f#759.409#759.831
350	вовсе	вовсе	ADV	_	Degree=Pos	_	_	_	@tvc1947f-words#@tvc1947f#759.831#760.253
351	не	не	PART	_	_	_	_	_	@tvc1947f-words#@tvc1947f#760.253#760.675
352	как	как	SCONJ	_	_	_	_	_	@tvc1947f-words#@tvc1947f#760.675#761.097
353	средство	средство	NOUN	_	Animacy=Inan|Case=Nom|Gender=Neut|Number=Sing	_	_	_	@tvc1947f-words#@tvc1947f#761.097#761.519
354	коммуникации	коммуникация	NOUN	_	Animacy=Inan|Case=Gen|Gender=Fem|Number=Sing	_	_	_	@tvc1947f-words#@tvc1947f#761.519#761.941
355	/	/	PUNCT	_	_	_	_	_	@tvc1947f-words#@tvc1947f#761.941#762.363
356	а	а	CCONJ	_	_	_	_	_	@tvc1947f-words#@tvc1947f#762.363#762.785
357	для	для	ADP	_	_	_	_	_	@tvc1947f-words#@tvc1947f#762.785#763.207
358	мышления	мышление	NOUN	_	Animacy=Inan|Case=Gen|Gender=Neut|Number=Sing	_	_	_	@tvc1947f-words#@tvc1947f#763.207#763.648
359	как	как	SCONJ	_	_	_	_	_	@tvc1947f-words#@tvc1947f#763.999#764.361
360	средство	средство	NOUN	_	Animacy=Inan|Case=Nom|Gender=Neut|Number=Sing	_	_	_	@tvc1947f-words#@tvc1947f#764.361#764.723
361	коммуникации	коммуникация	NOUN	_	Animacy=Inan|Case=Gen|Gender=Fem|Number=Sing	_	_	_	@tvc1947f-words#@tvc1947f#764.723#765.085
362	язык	язык	NOUN	_	Animacy=Inan|Case=Nom|Gender=Fem|Number=Plur	_	_	_	@tvc1947f-words#@tvc1947f#765.085#765.447
363	не	не	PART	_	_	_	_	_	@tvc1947f-words#@tvc1947f#765.447#765.809
364	очень	очень	ADV	_	Degree=Pos	_	_	_	@tvc1947f-words#@tvc1947f#765.809#766.171
365	хорош	хороший	ADJ	_	Degree=Pos|Gender=Masc|Number=Sing|Variant=Short	_	_	_	@tvc1947f-words#@tvc1947f#766.171#766.533
366	/	/	PUNCT	_	_	_	_	_	@tvc1947f-words#@tvc1947f#766.533#766.895
367	вот	вот	PART	_	_	_	_	_	@tvc1947f-words#@tvc1947f#766.895#767.257
368	тут	тут	ADV	_	Degree=Pos	_	_	_	@tvc1947f-words#@tvc1947f#767.257#767.619
369	он	он	PRON	_	Case=Nom|Gender=Masc|Number=Sing|Person=3	_	_	_	@tvc1947f-words#@tvc1947f#767.619#767.981
370	между	между	ADP	_	_	_	_	_	@tvc1947f-words#@tvc1947f#767.981#768.343
371	прочим	прочее	DET	_	Case=Ins|Gender=Neut|Number=Sing	_	_	_	@tvc1947f-words#@tvc1947f#768.343#768.705
372	/	/	PUNCT	_	_	_	_	_	@tvc1947f-words#@tvc1947f#768.705#769.067
373	попал	попасть	VERB	_	Aspect=Perf|Gender=Masc|Mood=Ind|Number=Sing|Tense=Past|VerbForm=Fin|Voice=Act	_	_	_	@tvc1947f-words#@tvc1947f#769.067#769.429
374	снайперски	снайперски	ADV	_	Degree=Pos	_	_	_	@tvc1947f-words#@tvc1947f#769.429#769.791
375	в	в	ADP	_	_	_	_	_	@tvc1947f-words#@tvc1947f#769.791#770.153
376	цель	цель	NOUN	_	Animacy=Inan|Case=Acc|Gender=Fem|Number=Sing	_	_	_	@tvc1947f-words#@tvc1947f#770.153#770.527
377	потому	потому	ADV	_	Degree=Pos	_	_	_	@tvc1947f-words#@tvc1947f#770.956#771.288
378	что	что	SCONJ	_	_	_	_	_	@tvc1947f-words#@tvc1947f#771.288#771.62
379	/	/	PUNCT	_	_	_	_	_	@tvc1947f-words#@tvc1947f#771.62#771.952
380	лучше	хороший	ADV	_	Degree=Cmp	_	_	_	@tvc1947f-words#@tvc1947f#771.952#772.284
381	всего	все	PRON	_	Animacy=Inan|Case=Gen|Gender=Neut|Number=Sing	_	_	_	@tvc1947f-words#@tvc1947f#772.284#772.616
382	для	для	ADP	_	_	_	_	_	@tvc1947f-words#@tvc1947f#772.616#772.948
383	коммуникации	коммуникация	NOUN	_	Animacy=Inan|Case=Gen|Gender=Fem|Number=Sing	_	_	_	@tvc1947f-words#@tvc1947f#772.948#773.28
384	азбука	азбука	NOUN	_	Animacy=Inan|Case=Nom|Gender=Masc|Number=Sing	_	_	_	@tvc1947f-words#@tvc1947f#773.28#773.612
385	морзе	морзe	NOUN	_	Animacy=Anim|Case=Gen|Gender=Masc|Number=Sing	_	_	_	@tvc1947f-words#@tvc1947f#773.612#773.944
386	/	/	PUNCT	_	_	_	_	_	@tvc1947f-words#@tvc1947f#773.944#774.276
387	вот	вот	PART	_	_	_	_	_	@tvc1947f-words#@tvc1947f#774.276#774.608
388	как	как	ADV	_	Degree=Pos	_	_	_	@tvc1947f-words#@tvc1947f#774.608#774.94
389	здесь	здесь	ADV	_	Degree=Pos	_	_	_	@tvc1947f-words#@tvc1947f#774.94#775.272
390	#стучит#	#стучит#	X	_	_	_	_	_	@tvc1947f-words#@tvc1947f#775.272#775.604
391	отстучал	отстучал	VERB	_	Aspect=Imp|Gender=Masc|Mood=Ind|Number=Sing|Tense=Past|VerbForm=Fin|Voice=Act	_	_	_	@tvc1947f-words#@tvc1947f#775.604#775.936
392	/	/	PUNCT	_	_	_	_	_	@tvc1947f-words#@tvc1947f#775.604#775.936
393	#стучит#	#стучит#	X	_	_	_	_	_	@tvc1947f-words#@tvc1947f#775.936#776.268
394	так	так	ADV	_	Degree=Pos	_	_	_	@tvc1947f-words#@tvc1947f#776.268#776.6
395	здесь	здесь	ADV	_	Degree=Pos	_	_	_	@tvc1947f-words#@tvc1947f#776.6#776.932
396	же	же	PART	_	_	_	_	_	@tvc1947f-words#@tvc1947f#776.932#777.264
397	и	и	CCONJ	_	_	_	_	_	@tvc1947f-words#@tvc1947f#777.264#777.596
398	получил	получить	VERB	_	Aspect=Perf|Gender=Masc|Mood=Ind|Number=Sing|Tense=Past|VerbForm=Fin|Voice=Act	_	_	_	@tvc1947f-words#@tvc1947f#777.596#777.928
399	/	/	PUNCT	_	_	_	_	_	@tvc1947f-words#@tvc1947f#777.928#778.26
400	однозначный	однозначный	ADJ	_	Case=Nom|Degree=Pos|Gender=Masc|Number=Sing	_	_	_	@tvc1947f-words#@tvc1947f#778.26#778.592
401	сигнал	сигнал	NOUN	_	Animacy=Inan|Case=Nom|Gender=Masc|Number=Sing	_	_	_	@tvc1947f-words#@tvc1947f#778.592#778.944
402	нет	нет	PART	_	_	_	_	_	@tvc1947f-words#@tvc1947f#780.208#780.779
403	толкования	толкование	NOUN	_	Animacy=Inan|Case=Gen|Gender=Neut|Number=Sing	_	_	_	@tvc1947f-words#@tvc1947f#780.779#781.351
404	наш	наш	DET	_	Case=Acc|Gender=Masc|Number=Sing	_	_	_	@tvc1947f-words#@tvc1947f#781.615#781.917
405	язык	язык	NOUN	_	Animacy=Inan|Case=Nom|Gender=Masc|Number=Sing	_	_	_	@tvc1947f-words#@tvc1947f#781.917#782.219
406	тем-то	то	PRON	_	Animacy=Inan|Case=Ins|Gender=Neut|Number=Sing	_	_	_	@tvc1947f-words#@tvc1947f#782.219#782.521
407	ии	и	CCONJ	_	_	_	_	_	@tvc1947f-words#@tvc1947f#782.521#782.823
408	э	э	INTJ	_	_	_	_	_	@tvc1947f-words#@tvc1947f#782.823#783.125
409	уникален	уникальный	ADJ	_	Degree=Pos|Gender=Masc|Number=Sing|Variant=Short	_	_	_	@tvc1947f-words#@tvc1947f#783.125#783.427
410	невероятен	невероятно	ADJ	_	Degree=Pos|Gender=Masc|Number=Sing|Variant=Short	_	_	_	@tvc1947f-words#@tvc1947f#783.427#783.729
411	/	/	PUNCT	_	_	_	_	_	@tvc1947f-words#@tvc1947f#783.729#784.031
412	помимо	помимо	ADP	_	_	_	_	_	@tvc1947f-words#@tvc1947f#784.031#784.333
413	того	то	PRON	_	Animacy=Inan|Case=Gen|Gender=Neut|Number=Sing	_	_	_	@tvc1947f-words#@tvc1947f#784.333#784.635
414	что	что	SCONJ	_	_	_	_	_	@tvc1947f-words#@tvc1947f#784.635#784.937
415	я	я	PRON	_	Case=Nom|Number=Sing|Person=1	_	_	_	@tvc1947f-words#@tvc1947f#784.937#785.239
416	еще	еще	ADV	_	_	_	_	_	@tvc1947f-words#@tvc1947f#785.239#785.541
417	дальше	далеко	ADV	_	Degree=Cmp	_	_	_	@tvc1947f-words#@tvc1947f#785.541#785.843
418	скажу	сказать	VERB	_	Aspect=Perf|Mood=Ind|Number=Sing|Person=1|Tense=Fut|VerbForm=Fin|Voice=Act	_	_	_	@tvc1947f-words#@tvc1947f#785.843#786.145
419	/	/	PUNCT	_	_	_	_	_	@tvc1947f-words#@tvc1947f#786.145#786.447
420	что	что	SCONJ	_	_	_	_	_	@tvc1947f-words#@tvc1947f#786.447#786.749
421	все	все	PRON	_	Animacy=Inan|Case=Nom|Gender=Neut|Number=Sing	_	_	_	@tvc1947f-words#@tvc1947f#786.749#787.051
422	зависит	зависеть	VERB	_	Aspect=Imp|Mood=Ind|Number=Sing|Person=3|Tense=Pres|VerbForm=Fin|Voice=Act	_	_	_	@tvc1947f-words#@tvc1947f#787.051#787.353
423	от	от	ADP	_	_	_	_	_	@tvc1947f-words#@tvc1947f#787.353#787.655
424	того	то	PRON	_	Animacy=Inan|Case=Gen|Gender=Neut|Number=Sing	_	_	_	@tvc1947f-words#@tvc1947f#787.655#787.957
425	/	/	PUNCT	_	_	_	_	_	@tvc1947f-words#@tvc1947f#787.957#788.259
426	кто	кто	PRON	_	Case=Nom	_	_	_	@tvc1947f-words#@tvc1947f#788.259#788.561
427	говорит	говорить	VERB	_	Aspect=Imp|Mood=Ind|Number=Sing|Person=3|Tense=Pres|VerbForm=Fin|Voice=Act	_	_	_	@tvc1947f-words#@tvc1947f#788.561#788.863
428	/	/	PUNCT	_	_	_	_	_	@tvc1947f-words#@tvc1947f#788.863#789.165
429	кому	кто	PRON	_	Case=Dat	_	_	_	@tvc1947f-words#@tvc1947f#789.165#789.467
430	говорит	говорить	VERB	_	Aspect=Imp|Mood=Ind|Number=Sing|Person=3|Tense=Pres|VerbForm=Fin|Voice=Act	_	_	_	@tvc1947f-words#@tvc1947f#789.467#789.769
431	/	/	PUNCT	_	_	_	_	_	@tvc1947f-words#@tvc1947f#789.769#790.071
432	когда	когда	ADV	_	_	_	_	_	@tvc1947f-words#@tvc1947f#790.071#790.373
433	говорит	говорить	VERB	_	Aspect=Imp|Mood=Ind|Number=Sing|Person=3|Tense=Pres|VerbForm=Fin|Voice=Act	_	_	_	@tvc1947f-words#@tvc1947f#790.373#790.675
434	/	/	PUNCT	_	_	_	_	_	@tvc1947f-words#@tvc1947f#790.675#790.977
435	что	что	PRON	_	Case=Nom	_	_	_	@tvc1947f-words#@tvc1947f#790.977#791.279
436	они	они	PRON	_	Case=Nom|Number=Plur|Person=3	_	_	_	@tvc1947f-words#@tvc1947f#791.279#791.581
437	оба	оба	NUM	_	Case=Nom|Gender=Masc	_	_	_	@tvc1947f-words#@tvc1947f#791.581#791.883
438	прочли	прочесть	VERB	_	Aspect=Perf|Mood=Ind|Number=Plur|Tense=Past|VerbForm=Fin|Voice=Act	_	_	_	@tvc1947f-words#@tvc1947f#791.883#792.185
439	/	/	PUNCT	_	_	_	_	_	@tvc1947f-words#@tvc1947f#792.185#792.487
440	как	как	ADV	_	_	_	_	_	@tvc1947f-words#@tvc1947f#792.487#792.789
441	они	они	PRON	_	Case=Nom|Number=Plur|Person=3	_	_	_	@tvc1947f-words#@tvc1947f#792.789#793.091
442	относятся	относиться	VERB	_	Aspect=Imp|Mood=Ind|Number=Plur|Person=3|Tense=Pres|VerbForm=Fin|Voice=Mid	_	_	_	@tvc1947f-words#@tvc1947f#793.091#793.393
443	к	к	ADP	_	_	_	_	_	@tvc1947f-words#@tvc1947f#793.393#793.695
444	друг	друг	NOUN	_	Animacy=Anim|Case=Nom|Gender=Masc|Number=Sing	_	_	_	@tvc1947f-words#@tvc1947f#793.695#793.997
445	другу	друг	NOUN	_	Animacy=Anim|Case=Dat|Gender=Masc|Number=Sing	_	_	_	@tvc1947f-words#@tvc1947f#793.997#794.299
446	/	/	PUNCT	_	_	_	_	_	@tvc1947f-words#@tvc1947f#794.299#794.601
447	среда	среда	NOUN	_	Animacy=Inan|Case=Nom|Gender=Fem|Number=Sing	_	_	_	@tvc1947f-words#@tvc1947f#794.601#794.903
448	это	это	PRON	_	Animacy=Inan|Case=Nom|Gender=Neut|Number=Sing	_	_	_	@tvc1947f-words#@tvc1947f#794.903#795.205
449	или	или	CCONJ	_	_	_	_	_	@tvc1947f-words#@tvc1947f#795.205#795.507
450	пятница	пятница	NOUN	_	Animacy=Inan|Case=Nom|Gender=Fem|Number=Sing	_	_	_	@tvc1947f-words#@tvc1947f#795.507#795.809
451	/	/	PUNCT	_	_	_	_	_	@tvc1947f-words#@tvc1947f#795.809#796.111
452	говорим	говорить	VERB	_	Aspect=Imp|Mood=Ind|Number=Plur|Person=1|Tense=Pres|VerbForm=Fin|Voice=Act	_	_	_	@tvc1947f-words#@tvc1947f#796.111#796.413
453	мы	мы	PRON	_	Case=Nom|Number=Plur|Person=1	_	_	_	@tvc1947f-words#@tvc1947f#796.413#796.715
454	в	в	ADP	_	_	_	_	_	@tvc1947f-words#@tvc1947f#796.715#797.017
455	шутку	шутка	NOUN	_	Animacy=Inan|Case=Acc|Gender=Fem|Number=Sing	_	_	_	@tvc1947f-words#@tvc1947f#797.017#797.319
456	или	или	CCONJ	_	_	_	_	_	@tvc1947f-words#@tvc1947f#797.319#797.621
457	серьезно	серьезно	ADV	_	Degree=Pos	_	_	_	@tvc1947f-words#@tvc1947f#797.621#797.923
458	/	/	PUNCT	_	_	_	_	_	@tvc1947f-words#@tvc1947f#797.923#798.225
459	иронизируем	иронизировать	VERB	_	Aspect=Imp|Mood=Ind|Number=Plur|Person=1|Tense=Pres|VerbForm=Fin|Voice=Act	_	_	_	@tvc1947f-words#@tvc1947f#798.225#798.527
460	ли	ли	PART	_	_	_	_	_	@tvc1947f-words#@tvc1947f#798.527#798.829
461	мы	мы	PRON	_	Case=Nom|Number=Plur|Person=1	_	_	_	@tvc1947f-words#@tvc1947f#798.829#799.131
462	/	/	PUNCT	_	_	_	_	_	@tvc1947f-words#@tvc1947f#799.131#799.433
463	каков	каков	DET	_	Gender=Masc|Number=Sing	_	_	_	@tvc1947f-words#@tvc1947f#799.433#799.735
464	наш	наш	DET	_	Case=Nom|Gender=Masc|Number=Sing	_	_	_	@tvc1947f-words#@tvc1947f#799.735#800.037
465	общий	общий	ADJ	_	Case=Nom|Degree=Pos|Gender=Masc|Number=Sing	_	_	_	@tvc1947f-words#@tvc1947f#800.037#800.339
466	багаж	багаж	NOUN	_	Animacy=Inan|Case=Nom|Gender=Masc|Number=Sing	_	_	_	@tvc1947f-words#@tvc1947f#800.339#800.641
467	/	/	PUNCT	_	_	_	_	_	@tvc1947f-words#@tvc1947f#800.641#800.943
468	и	и	CCONJ	_	_	_	_	_	@tvc1947f-words#@tvc1947f#800.943#801.245
469	есть	быть	VERB	_	Aspect=Imp|Mood=Ind|Number=Sing|Person=3|Tense=Pres|VerbForm=Fin|Voice=Act	_	_	_	@tvc1947f-words#@tvc1947f#801.245#801.547
470	ли	ли	PART	_	_	_	_	_	@tvc1947f-words#@tvc1947f#801.547#801.849
471	он	он	PRON	_	Case=Nom|Gender=Masc|Number=Sing|Person=3	_	_	_	@tvc1947f-words#@tvc1947f#801.849#802.151
472	у	у	ADP	_	_	_	_	_	@tvc1947f-words#@tvc1947f#802.151#802.453
473	нас	мы	PRON	_	Case=Gen|Number=Plur|Person=1	_	_	_	@tvc1947f-words#@tvc1947f#802.453#802.755
474	/	/	PUNCT	_	_	_	_	_	@tvc1947f-words#@tvc1947f#802.755#803.057
475	тогда	тогда	ADV	_	_	_	_	_	@tvc1947f-words#@tvc1947f#803.057#803.359
476	мы	мы	PRON	_	Case=Nom|Number=Plur|Person=1	_	_	_	@tvc1947f-words#@tvc1947f#803.359#803.661
477	можем	мочь	VERB	_	Aspect=Imp|Mood=Ind|Number=Plur|Person=1|Tense=Pres|VerbForm=Fin|Voice=Act	_	_	_	@tvc1947f-words#@tvc1947f#803.661#803.963
478	вообще	вообще	ADV	_	_	_	_	_	@tvc1947f-words#@tvc1947f#803.963#804.265
479	ни	ни	PART	_	_	_	_	_	@tvc1947f-words#@tvc1947f#804.265#804.567
480	до	до	ADP	_	_	_	_	_	@tvc1947f-words#@tvc1947f#804.567#804.869
481	чего	что	PRON	_	Case=Gen	_	_	_	@tvc1947f-words#@tvc1947f#804.869#805.171
482	не	не	PART	_	_	_	_	_	@tvc1947f-words#@tvc1947f#805.171#805.473
483	договориться	договориться	VERB	_	Aspect=Perf|VerbForm=Inf|Voice=Mid	_	_	_	@tvc1947f-words#@tvc1947f#805.473#805.775
484	/	/	PUNCT	_	_	_	_	_	@tvc1947f-words#@tvc1947f#805.775#806.077
485	хотя	хотя	SCONJ	_	_	_	_	_	@tvc1947f-words#@tvc1947f#806.077#806.379
486	говорим	говорить	VERB	_	Aspect=Imp|Mood=Ind|Number=Plur|Person=1|Tense=Pres|VerbForm=Fin|Voice=Act	_	_	_	@tvc1947f-words#@tvc1947f#806.379#806.681
487	на	на	ADP	_	_	_	_	_	@tvc1947f-words#@tvc1947f#806.681#806.983
488	одном	один	DET	_	Case=Loc|Gender=Masc|Number=Sing	_	_	_	@tvc1947f-words#@tvc1947f#806.983#807.285
489	и	и	CCONJ	_	_	_	_	_	@tvc1947f-words#@tvc1947f#807.285#807.587
490	том	тот	DET	_	Case=Loc|Gender=Masc|Number=Sing	_	_	_	@tvc1947f-words#@tvc1947f#807.587#807.889
491	же	же	PART	_	_	_	_	_	@tvc1947f-words#@tvc1947f#807.889#808.191
492	национальном	национальный	ADJ	_	Case=Loc|Degree=Pos|Gender=Masc|Number=Sing	_	_	_	@tvc1947f-words#@tvc1947f#808.191#808.493
493	языке	язык	NOUN	_	Animacy=Inan|Case=Loc|Gender=Masc|Number=Sing	_	_	_	@tvc1947f-words#@tvc1947f#808.493#808.795
494	и	и	CCONJ	_	_	_	_	_	@tvc1947f-words#@tvc1947f#808.795#809.097
495	так	так	ADV	_	_	_	_	_	@tvc1947f-words#@tvc1947f#809.097#809.399
496	далее	далее	ADV	_	_	_	_	_	@tvc1947f-words#@tvc1947f#809.399#809.701
497	это	это	PRON	_	Animacy=Inan|Case=Nom|Gender=Neut|Number=Sing	_	_	_	@tvc1947f-words#@tvc1947f#809.701#810.003
498	отнюдь	отнюдь	ADV	_	_	_	_	_	@tvc1947f-words#@tvc1947f#810.003#810.305
499	не	не	PART	_	_	_	_	_	@tvc1947f-words#@tvc1947f#810.305#810.607
500	полный	полный	ADJ	_	Animacy=Inan|Case=Nom|Degree=Pos|Gender=Masc|Number=Sing	_	_	_	@tvc1947f-words#@tvc1947f#810.607#810.909
501	список	список	NOUN	_	Animacy=Inan|Case=Nom|Gender=Masc|Number=Sing	_	_	_	@tvc1947f-words#@tvc1947f#810.909#811.219
502	и	и	CCONJ	_	_	_	_	_	@tvc1947f-words#@tvc1947f#811.625#812.04
503	Хомский	Хомский	NOUN	_	Animacy=Anim|Case=Nom|Gender=Masc|Number=Sing	_	_	_	@tvc1947f-words#@tvc1947f#812.04#812.455
504	говорит	говорить	VERB	_	Aspect=Imp|Mood=Ind|Number=Sing|Person=3|Tense=Pres|VerbForm=Fin|Voice=Act	_	_	_	@tvc1947f-words#@tvc1947f#812.455#812.87
505	/	/	PUNCT	_	_	_	_	_	@tvc1947f-words#@tvc1947f#812.87#813.285
506	м	м	INTJ	_	_	_	_	_	@tvc1947f-words#@tvc1947f#813.285#813.7
507	он	он	PRON	_	Case=Nom|Gender=Masc|Number=Sing|Person=3	_	_	_	@tvc1947f-words#@tvc1947f#813.7#814.115
508	для	для	ADP	_	_	_	_	_	@tvc1947f-words#@tvc1947f#814.115#814.53
509	мышления	мышление	NOUN	_	Animacy=Inan|Case=Gen|Gender=Neut|Number=Sing	_	_	_	@tvc1947f-words#@tvc1947f#814.53#814.945
510	/	/	PUNCT	_	_	_	_	_	@tvc1947f-words#@tvc1947f#814.945#815.36
511	для	для	ADP	_	_	_	_	_	@tvc1947f-words#@tvc1947f#815.36#815.775
512	организации	организация	NOUN	_	Animacy=Inan|Case=Gen|Gender=Fem|Number=Sing	_	_	_	@tvc1947f-words#@tvc1947f#815.775#816.19
513	мира	мир	NOUN	_	Animacy=Inan|Case=Gen|Gender=Masc|Number=Sing	_	_	_	@tvc1947f-words#@tvc1947f#816.19#816.614
514	я	я	PRON	_	Case=Nom|Number=Sing|Person=1	_	_	_	@tvc1947f-words#@tvc1947f#816.999#817.361
515	бы	бы	PART	_	_	_	_	_	@tvc1947f-words#@tvc1947f#817.361#817.723
516	сказала	сказать	VERB	_	Aspect=Perf|Gender=Fem|Mood=Cnd|Number=Sing|Tense=Past|VerbForm=Fin|Voice=Act	_	_	_	@tvc1947f-words#@tvc1947f#817.723#818.085
517	так	так	ADV	_	_	_	_	_	@tvc1947f-words#@tvc1947f#818.085#818.447
518	что	что	SCONJ	_	_	_	_	_	@tvc1947f-words#@tvc1947f#818.447#818.809
519	/	/	PUNCT	_	_	_	_	_	@tvc1947f-words#@tvc1947f#818.809#819.171
520	в..	вообще	ADV	_	_	_	_	_	@tvc1947f-words#@tvc1947f#819.171#819.533
521	вообще	вообще	ADV	_	_	_	_	_	@tvc1947f-words#@tvc1947f#819.533#819.895
522	язык	язык	NOUN	_	Animacy=Inan|Case=Nom|Gender=Masc|Number=Sing	_	_	_	@tvc1947f-words#@tvc1947f#819.895#820.257
523	это	этот	DET	_	Animacy=Inan|Case=Nom|Gender=Neut|Number=Sing	_	_	_	@tvc1947f-words#@tvc1947f#820.257#820.619
524	средство	средство	NOUN	_	Animacy=Inan|Case=Nom|Gender=Neut|Number=Sing	_	_	_	@tvc1947f-words#@tvc1947f#820.619#820.981
525	борьбы	борьба	NOUN	_	Animacy=Inan|Case=Gen|Gender=Fem|Number=Sing	_	_	_	@tvc1947f-words#@tvc1947f#820.981#821.343
526	с	с	ADP	_	_	_	_	_	@tvc1947f-words#@tvc1947f#821.343#821.705
527	хаосом	хаос	NOUN	_	Animacy=Inan|Case=Ins|Gender=Masc|Number=Sing	_	_	_	@tvc1947f-words#@tvc1947f#821.705#822.067
528	/	/	PUNCT	_	_	_	_	_	@tvc1947f-words#@tvc1947f#822.067#822.429
529	потому	потому	SCONJ	_	_	_	_	_	@tvc1947f-words#@tvc1947f#822.429#822.791
530	что	что	SCONJ	_	_	_	_	_	@tvc1947f-words#@tvc1947f#822.791#823.153
531	на	на	ADP	_	_	_	_	_	@tvc1947f-words#@tvc1947f#823.153#823.515
532	наши	наш	DET	_	Case=Nom|Number=Plur	_	_	_	@tvc1947f-words#@tvc1947f#823.515#823.877
533	сенсорные	сенсорный	ADJ	_	Animacy=Inan|Case=Nom|Degree=Pos|Number=Plur	_	_	_	@tvc1947f-words#@tvc1947f#823.877#824.239
534	системы	система	NOUN	_	Animacy=Inan|Case=Nom|Gender=Fem|Number=Plur	_	_	_	@tvc1947f-words#@tvc1947f#824.239#824.601
535	/	/	PUNCT	_	_	_	_	_	@tvc1947f-words#@tvc1947f#824.601#824.963
536	на	на	ADP	_	_	_	_	_	@tvc1947f-words#@tvc1947f#824.963#825.325
537	уши…	ухо	NOUN	_	Animacy=Inan|Case=Acc|Gender=Neut|Number=Plur	_	_	_	@tvc1947f-words#@tvc1947f#825.325#825.687
538	в	в	ADP	_	_	_	_	_	@tvc1947f-words#@tvc1947f#825.687#826.049
539	уши	ухо	NOUN	_	Animacy=Inan|Case=Acc|Gender=Neut|Number=Plur	_	_	_	@tvc1947f-words#@tvc1947f#826.049#826.411
540	/	/	PUNCT	_	_	_	_	_	@tvc1947f-words#@tvc1947f#826.411#826.773
541	в	в	ADP	_	_	_	_	_	@tvc1947f-words#@tvc1947f#826.773#827.135
542	глаза	глаз	NOUN	_	Animacy=Inan|Case=Acc|Gender=Masc|Number=Plur	_	_	_	@tvc1947f-words#@tvc1947f#827.135#827.497
543	/	/	PUNCT	_	_	_	_	_	@tvc1947f-words#@tvc1947f#827.497#827.859
544	на	на	ADP	_	_	_	_	_	@tvc1947f-words#@tvc1947f#827.859#828.221
545	кожу	кожа	NOUN	_	Animacy=Inan|Case=Acc|Gender=Fem|Number=Sing	_	_	_	@tvc1947f-words#@tvc1947f#828.221#828.583
546	/	/	PUNCT	_	_	_	_	_	@tvc1947f-words#@tvc1947f#828.583#828.945
547	на	на	ADP	_	_	_	_	_	@tvc1947f-words#@tvc1947f#828.945#829.307
548	нос	нос	NOUN	_	Animacy=Inan|Case=Acc|Gender=Masc|Number=Sing	_	_	_	@tvc1947f-words#@tvc1947f#829.307#829.669
549	/	/	PUNCT	_	_	_	_	_	@tvc1947f-words#@tvc1947f#829.669#830.031
550	на	на	ADP	_	_	_	_	_	@tvc1947f-words#@tvc1947f#830.031#830.393
551	все	весь	DET	_	Case=Acc|Number=Plur	_	_	_	@tvc1947f-words#@tvc1947f#830.393#830.755
552	наши	наш	DET	_	Case=Acc|Number=Plur	_	_	_	@tvc1947f-words#@tvc1947f#830.755#831.117
553	входы	вход	NOUN	_	Animacy=Inan|Case=Acc|Gender=Masc|Number=Plur	_	_	_	@tvc1947f-words#@tvc1947f#831.117#831.479
554	в	в	ADP	_	_	_	_	_	@tvc1947f-words#@tvc1947f#831.479#831.841
555	мозг	мозг	NOUN	_	Animacy=Inan|Case=Acc|Gender=Masc|Number=Sing	_	_	_	@tvc1947f-words#@tvc1947f#831.841#832.203
556	/	/	PUNCT	_	_	_	_	_	@tvc1947f-words#@tvc1947f#832.203#832.565
557	каждую	каждый	DET	_	Case=Acc|Gender=Fem|Number=Sing	_	_	_	@tvc1947f-words#@tvc1947f#832.565#832.927
558	миллисекунду	миллисекунда	NOUN	_	Animacy=Inan|Case=Acc|Gender=Fem|Number=Sing	_	_	_	@tvc1947f-words#@tvc1947f#832.927#833.289
559	/	/	PUNCT	_	_	_	_	_	@tvc1947f-words#@tvc1947f#833.289#833.651
560	или	или	CCONJ	_	_	_	_	_	@tvc1947f-words#@tvc1947f#833.651#834.013
561	если	если	SCONJ	_	_	_	_	_	@tvc1947f-words#@tvc1947f#834.013#834.375
562	хотите	хотеть	VERB	_	Aspect=Imp|Mood=Ind|Number=Plur|Person=2|Tense=Pres|VerbForm=Fin|Voice=Act	_	_	_	@tvc1947f-words#@tvc1947f#834.375#834.737
563	ещё	еще	ADV	_	_	_	_	_	@tvc1947f-words#@tvc1947f#834.737#835.099
564	мельче	мелко	ADV	_	Degree=Cmp	_	_	_	@tvc1947f-words#@tvc1947f#835.099#835.461
565	можем	мочь	VERB	_	Aspect=Imp|Mood=Ind|Number=Plur|Person=1|Tense=Pres|VerbForm=Fin|Voice=Act	_	_	_	@tvc1947f-words#@tvc1947f#835.461#835.823
566	разделить	разделить	VERB	_	Aspect=Perf|VerbForm=Inf|Voice=Act	_	_	_	@tvc1947f-words#@tvc1947f#835.823#836.185
567	/	/	PUNCT	_	_	_	_	_	@tvc1947f-words#@tvc1947f#836.185#836.547
568	поступают	поступать	VERB	_	Aspect=Imp|Mood=Ind|Number=Plur|Person=3|Tense=Pres|VerbForm=Fin|Voice=Act	_	_	_	@tvc1947f-words#@tvc1947f#836.547#836.909
569	сигналы	сигнал	NOUN	_	Animacy=Inan|Case=Nom|Gender=Masc|Number=Plur	_	_	_	@tvc1947f-words#@tvc1947f#836.909#837.271
570	из	из	ADP	_	_	_	_	_	@tvc1947f-words#@tvc1947f#837.271#837.633
571	мира	мир	NOUN	_	Animacy=Inan|Case=Gen|Gender=Masc|Number=Sing	_	_	_	@tvc1947f-words#@tvc1947f#837.633#838.01
572	их	они	PRON	_	Case=Gen|Number=Plur|Person=3	_	_	_	@tvc1947f-words#@tvc1947f#838.505#838.873
573	много	много	ADV	_	Degree=Pos	_	_	_	@tvc1947f-words#@tvc1947f#838.873#839.241
574	/	/	PUNCT	_	_	_	_	_	@tvc1947f-words#@tvc1947f#839.241#839.609
575	разных	разный	ADJ	_	Case=Gen|Degree=Pos|Number=Plur	_	_	_	@tvc1947f-words#@tvc1947f#839.609#839.977
576	/	/	PUNCT	_	_	_	_	_	@tvc1947f-words#@tvc1947f#839.977#840.345
577	если	если	SCONJ	_	_	_	_	_	@tvc1947f-words#@tvc1947f#840.345#840.713
578	бы	бы	PART	_	_	_	_	_	@tvc1947f-words#@tvc1947f#840.713#841.081
579	у	у	ADP	_	_	_	_	_	@tvc1947f-words#@tvc1947f#841.081#841.449
580	нас	мы	PRON	_	Case=Gen|Number=Plur|Person=1	_	_	_	@tvc1947f-words#@tvc1947f#841.449#841.817
581	не	не	PART	_	_	_	_	_	@tvc1947f-words#@tvc1947f#841.817#842.185
582	было	быть	VERB	_	Aspect=Imp|Gender=Neut|Mood=Ind|Number=Sing|Tense=Past|VerbForm=Fin|Voice=Act	_	_	_	@tvc1947f-words#@tvc1947f#842.185#842.553
583	языка	язык	NOUN	_	Animacy=Inan|Case=Gen|Gender=Masc|Number=Sing	_	_	_	@tvc1947f-words#@tvc1947f#842.553#842.921
584	/	/	PUNCT	_	_	_	_	_	@tvc1947f-words#@tvc1947f#842.921#843.289
585	то	то	SCONJ	_	_	_	_	_	@tvc1947f-words#@tvc1947f#843.289#843.657
586	бишь	бишь	PART	_	_	_	_	_	@tvc1947f-words#@tvc1947f#843.657#844.025
587	наименований	наименование	NOUN	_	Animacy=Inan|Case=Gen|Gender=Neut|Number=Plur	_	_	_	@tvc1947f-words#@tvc1947f#844.025#844.393
588	названий	название	NOUN	_	Animacy=Inan|Case=Gen|Gender=Neut|Number=Plur	_	_	_	@tvc1947f-words#@tvc1947f#844.393#844.761
589	/	/	PUNCT	_	_	_	_	_	@tvc1947f-words#@tvc1947f#844.761#845.129
590	для	для	ADP	_	_	_	_	_	@tvc1947f-words#@tvc1947f#845.129#845.497
591	разных	разный	ADJ	_	Case=Gen|Degree=Pos|Number=Plur	_	_	_	@tvc1947f-words#@tvc1947f#845.497#845.865
592	явлений	явление	NOUN	_	Animacy=Inan|Case=Gen|Gender=Neut|Number=Plur	_	_	_	@tvc1947f-words#@tvc1947f#845.865#846.233
593	и	и	CCONJ	_	_	_	_	_	@tvc1947f-words#@tvc1947f#846.233#846.601
594	объектов	объект	NOUN	_	Animacy=Inan|Case=Gen|Gender=Masc|Number=Plur	_	_	_	@tvc1947f-words#@tvc1947f#846.601#846.969
595	/	/	PUNCT	_	_	_	_	_	@tvc1947f-words#@tvc1947f#846.969#847.337
596	то	то	SCONJ	_	_	_	_	_	@tvc1947f-words#@tvc1947f#847.337#847.705
597	тогда	тогда	ADV	_	_	_	_	_	@tvc1947f-words#@tvc1947f#847.705#848.073
598	/	/	PUNCT	_	_	_	_	_	@tvc1947f-words#@tvc1947f#848.073#848.441
599	для	для	ADP	_	_	_	_	_	@tvc1947f-words#@tvc1947f#848.441#848.809
600	каждого	каждый	DET	_	Case=Gen|Gender=Masc|Number=Sing	_	_	_	@tvc1947f-words#@tvc1947f#848.809#849.177
601	вида	вид	NOUN	_	Animacy=Inan|Case=Gen|Gender=Masc|Number=Sing	_	_	_	@tvc1947f-words#@tvc1947f#849.177#849.545
602	огурца	огурец	NOUN	_	Animacy=Inan|Case=Gen|Gender=Masc|Number=Sing	_	_	_	@tvc1947f-words#@tvc1947f#849.545#849.913
603	понадобилось	понадобиться	VERB	_	Aspect=Perf|Gender=Neut|Mood=Cnd|Number=Sing|Tense=Past|VerbForm=Fin|Voice=Mid	_	_	_	@tvc1947f-words#@tvc1947f#849.913#850.281
604	бы	бы	PART	_	_	_	_	_	@tvc1947f-words#@tvc1947f#850.281#850.649
605	свое	свой	DET	_	Case=Nom|Gender=Neut|Number=Sing	_	_	_	@tvc1947f-words#@tvc1947f#850.649#851.017
606	слово	слово	NOUN	_	Animacy=Inan|Case=Nom|Gender=Neut|Number=Sing	_	_	_	@tvc1947f-words#@tvc1947f#851.017#851.385
607	/	/	PUNCT	_	_	_	_	_	@tvc1947f-words#@tvc1947f#851.385#851.753
608	и	и	CCONJ	_	_	_	_	_	@tvc1947f-words#@tvc1947f#851.753#852.121
609	у	у	ADP	_	_	_	_	_	@tvc1947f-words#@tvc1947f#852.121#852.489
610	нас	мы	PRON	_	Case=Gen|Number=Plur|Person=1	_	_	_	@tvc1947f-words#@tvc1947f#852.489#852.857
611	бы	бы	PART	_	_	_	_	_	@tvc1947f-words#@tvc1947f#852.857#853.225
612	память	память	NOUN	_	Animacy=Inan|Case=Nom|Gender=Fem|Number=Sing	_	_	_	@tvc1947f-words#@tvc1947f#853.225#853.593
613	не	не	PART	_	_	_	_	_	@tvc1947f-words#@tvc1947f#853.593#853.961
614	выдержала	выдержать	VERB	_	Aspect=Perf|Gender=Fem|Mood=Ind|Number=Sing|Tense=Past|VerbForm=Fin|Voice=Act	_	_	_	@tvc1947f-words#@tvc1947f#853.961#854.329
615	даже	даже	PART	_	_	_	_	_	@tvc1947f-words#@tvc1947f#854.329#854.697
616	такого	такой	DET	_	Case=Gen|Gender=Masc|Number=Sing	_	_	_	@tvc1947f-words#@tvc1947f#854.697#855.065
617	объема	объем	NOUN	_	Animacy=Inan|Case=Gen|Gender=Masc|Number=Sing	_	_	_	@tvc1947f-words#@tvc1947f#855.065#855.433
618	/	/	PUNCT	_	_	_	_	_	@tvc1947f-words#@tvc1947f#855.433#855.801
619	о	о	ADP	_	_	_	_	_	@tvc1947f-words#@tvc1947f#855.801#856.169
620	котором	который	PRON	_	Case=Loc	_	_	_	@tvc1947f-words#@tvc1947f#856.169#856.537
621	мы	мы	PRON	_	Case=Nom|Number=Plur|Person=1	_	_	_	@tvc1947f-words#@tvc1947f#856.537#856.905
622	только	только	PART	_	_	_	_	_	@tvc1947f-words#@tvc1947f#856.905#857.273
623	что	что	PRON	_	_	_	_	_	@tvc1947f-words#@tvc1947f#857.273#857.641
624	говорили	говорить	VERB	_	Aspect=Imp|Mood=Ind|Number=Plur|Tense=Past|VerbForm=Fin|Voice=Act	_	_	_	@tvc1947f-words#@tvc1947f#857.641#858.055
625	есть	быть	VERB	_	Aspect=Imp|Mood=Ind|Number=Sing|Person=3|Tense=Pres|VerbForm=Fin|Voice=Act	_	_	_	@tvc1947f-words#@tvc1947f#858.604#859.035
626	тысяча	тысяча	NOUN	_	Animacy=Inan|Case=Nom|Gender=Fem|Number=Sing	_	_	_	@tvc1947f-words#@tvc1947f#859.035#859.466
627	вариантов	вариант	NOUN	_	Animacy=Inan|Case=Gen|Gender=Masc|Number=Plur	_	_	_	@tvc1947f-words#@tvc1947f#859.466#859.897
628	чашек	чашка	NOUN	_	Animacy=Inan|Case=Gen|Gender=Fem|Number=Plur	_	_	_	@tvc1947f-words#@tvc1947f#859.897#860.328
629	/	/	PUNCT	_	_	_	_	_	@tvc1947f-words#@tvc1947f#860.328#860.759
630	однако	однако	CCONJ	_	_	_	_	_	@tvc1947f-words#@tvc1947f#860.759#861.19
631	есть	быть	VERB	_	Aspect=Imp|Mood=Ind|Number=Sing|Person=3|Tense=Pres|VerbForm=Fin|Voice=Act	_	_	_	@tvc1947f-words#@tvc1947f#861.19#861.621
632	общее	общий	ADJ	_	Case=Nom|Degree=Pos|Gender=Neut|Number=Sing	_	_	_	@tvc1947f-words#@tvc1947f#861.621#862.052
633	слово	слово	NOUN	_	Animacy=Inan|Case=Nom|Gender=Neut|Number=Sing	_	_	_	@tvc1947f-words#@tvc1947f#862.052#862.483
634	чашка	чашка	NOUN	_	Animacy=Inan|Case=Nom|Gender=Fem|Number=Sing	_	_	_	@tvc1947f-words#@tvc1947f#862.483#862.914
635	/	/	PUNCT	_	_	_	_	_	@tvc1947f-words#@tvc1947f#862.914#863.345
636	есть	быть	VERB	_	Aspect=Imp|Mood=Ind|Number=Plur|Person=3|Tense=Pres|VerbForm=Fin|Voice=Act	_	_	_	@tvc1947f-words#@tvc1947f#863.345#863.776
637	варианты	вариант	NOUN	_	Animacy=Inan|Case=Nom|Gender=Masc|Number=Plur	_	_	_	@tvc1947f-words#@tvc1947f#863.776#864.207
638	для	для	ADP	_	_	_	_	_	@tvc1947f-words#@tvc1947f#864.207#864.638
639	ста…	сто	NUM	_	Case=Gen	_	_	_	@tvc1947f-words#@tvc1947f#864.638#865.069
640	мильён	миллион	NUM	_	Case=Gen	_	_	_	@tvc1947f-words#@tvc1947f#865.069#865.5
641	вал…	вариант	PUNCT	_	Animacy=Inan|Case=Gen|Gender=Masc|Number=Plur	_	_	_	@tvc1947f-words#@tvc1947f#865.5#865.931
642	вариантов	вариант	NOUN	_	Animacy=Inan|Case=Gen|Gender=Masc|Number=Plur	_	_	_	@tvc1947f-words#@tvc1947f#865.931#866.362
643	для	для	ADP	_	_	_	_	_	@tvc1947f-words#@tvc1947f#866.362#866.793
644	столов	стол	NOUN	_	Animacy=Inan|Case=Gen|Gender=Masc|Number=Plur	_	_	_	@tvc1947f-words#@tvc1947f#866.793#867.224
645	/	/	PUNCT	_	_	_	_	_	@tvc1947f-words#@tvc1947f#867.224#867.655
646	эмм	эмм	INTJ	_	_	_	_	_	@tvc1947f-words#@tvc1947f#867.655#868.086
647	растений	растение	NOUN	_	Animacy=Inan|Case=Gen|Gender=Neut|Number=Plur	_	_	_	@tvc1947f-words#@tvc1947f#868.086#868.517
648	и	и	CCONJ	_	_	_	_	_	@tvc1947f-words#@tvc1947f#868.517#868.948
649	так	так	ADV	_	_	_	_	_	@tvc1947f-words#@tvc1947f#868.948#869.379
650	далее	далее	ADV	_	_	_	_	_	@tvc1947f-words#@tvc1947f#869.379#869.81
651	/	/	PUNCT	_	_	_	_	_	@tvc1947f-words#@tvc1947f#869.81#870.241
652	значит	значить	ADV	_	_	_	_	_	@tvc1947f-words#@tvc1947f#870.241#870.672
653	вот	вот	PART	_	_	_	_	_	@tvc1947f-words#@tvc1947f#870.672#871.103
654	как-то	как-то	ADV	_	_	_	_	_	@tvc1947f-words#@tvc1947f#871.103#871.534
655	так	так	ADV	_	_	_	_	_	@tvc1947f-words#@tvc1947f#871.534#871.965
656	удачно	удачно	ADV	_	Degree=Pos	_	_	_	@tvc1947f-words#@tvc1947f#871.965#872.396
657	вышло	выйти	VERB	_	Aspect=Perf|Gender=Neut|Mood=Ind|Number=Sing|Tense=Past|VerbForm=Fin|Voice=Act	_	_	_	@tvc1947f-words#@tvc1947f#872.396#872.827
658	уж	уж	ADV	_	_	_	_	_	@tvc1947f-words#@tvc1947f#872.827#873.258
659	я	я	PRON	_	Case=Nom|Number=Sing|Person=1	_	_	_	@tvc1947f-words#@tvc1947f#873.258#873.689
660	не	не	PART	_	_	_	_	_	@tvc1947f-words#@tvc1947f#873.689#874.12
661	знаю	знать	VERB	_	Aspect=Imp|Mood=Ind|Number=Sing|Person=1|Tense=Pres|VerbForm=Fin|Voice=Act	_	_	_	@tvc1947f-words#@tvc1947f#874.12#874.551
662	кто	кто	PRON	_	Case=Nom	_	_	_	@tvc1947f-words#@tvc1947f#874.551#874.982
663	нам	мы	PRON	_	Case=Dat|Number=Plur|Person=1	_	_	_	@tvc1947f-words#@tvc1947f#874.982#875.413
664	такое	такой	DET	_	Case=Acc|Gender=Neut|Number=Sing	_	_	_	@tvc1947f-words#@tvc1947f#875.413#875.844
665	подбросил	подбросить	VERB	_	Aspect=Perf|Gender=Masc|Mood=Ind|Number=Sing|Tense=Past|VerbForm=Fin|Voice=Act	_	_	_	@tvc1947f-words#@tvc1947f#875.844#876.275
666	/	/	PUNCT	_	_	_	_	_	@tvc1947f-words#@tvc1947f#876.275#876.706
667	эволюция	эволюция	NOUN	_	Animacy=Inan|Case=Nom|Gender=Fem|Number=Sing	_	_	_	@tvc1947f-words#@tvc1947f#876.706#877.137
668	/	/	PUNCT	_	_	_	_	_	@tvc1947f-words#@tvc1947f#877.137#877.568
669	условно	условно	ADV	_	Degree=Pos	_	_	_	@tvc1947f-words#@tvc1947f#877.568#877.999
670	скажем	сказать	VERB	_	Aspect=Perf|Mood=Ind|Number=Plur|Person=1|Tense=Fut|VerbForm=Fin|Voice=Act	_	_	_	@tvc1947f-words#@tvc1947f#877.999#878.43
671	/	/	PUNCT	_	_	_	_	_	@tvc1947f-words#@tvc1947f#878.43#878.861
672	что	что	SCONJ	_	_	_	_	_	@tvc1947f-words#@tvc1947f#878.861#879.292
673	у	у	ADP	_	_	_	_	_	@tvc1947f-words#@tvc1947f#879.292#879.723
674	нас	мы	PRON	_	Case=Gen|Number=Plur|Person=1	_	_	_	@tvc1947f-words#@tvc1947f#879.723#880.154
675	есть	быть	VERB	_	Aspect=Imp|Mood=Ind|Number=Sing|Person=3|Tense=Pres|VerbForm=Fin|Voice=Act	_	_	_	@tvc1947f-words#@tvc1947f#880.154#880.585
676	мм	мм	INTJ	_	_	_	_	_	@tvc1947f-words#@tvc1947f#880.585#881.016
677	имена	имя	NOUN	_	Animacy=Inan|Case=Nom|Gender=Neut|Number=Sing	_	_	_	@tvc1947f-words#@tvc1947f#881.016#881.447
678	для	для	ADP	_	_	_	_	_	@tvc1947f-words#@tvc1947f#881.447#881.878
679	целых	целый	ADJ	_	Case=Gen|Degree=Pos|Number=Plur	_	_	_	@tvc1947f-words#@tvc1947f#881.878#882.309
680	групп	группа	NOUN	_	Animacy=Inan|Case=Gen|Gender=Fem|Number=Plur	_	_	_	@tvc1947f-words#@tvc1947f#882.309#882.74
681	явлений	явление	NOUN	_	Animacy=Inan|Case=Gen|Gender=Neut|Number=Plur	_	_	_	@tvc1947f-words#@tvc1947f#882.74#883.171
682	более-менее	более-менее	ADV	_	_	_	_	_	@tvc1947f-words#@tvc1947f#883.171#883.602
683	близких	близкий	ADJ	_	Case=Gen|Degree=Pos|Number=Plur	_	_	_	@tvc1947f-words#@tvc1947f#883.602#884.033
684	по	по	ADP	_	_	_	_	_	@tvc1947f-words#@tvc1947f#884.033#884.464
685	отношению	отношение	NOUN	_	Animacy=Inan|Case=Dat|Gender=Neut|Number=Sing	_	_	_	@tvc1947f-words#@tvc1947f#884.464#884.895
686	друг	друг	NOUN	_	Animacy=Anim|Case=Nom|Gender=Masc|Number=Sing	_	_	_	@tvc1947f-words#@tvc1947f#884.895#885.326
687	другу	друг	NOUN	_	Animacy=Anim|Case=Dat|Gender=Masc|Number=Sing	_	_	_	@tvc1947f-words#@tvc1947f#885.326#885.812
688	все	весь	DET	_	Case=Nom|Number=Plur	_	_	_	@tvc1947f-words#@tvc1947f#886.01#886.289
689	люди	человек	NOUN	_	Animacy=Anim|Case=Nom|Gender=Masc|Number=Plur	_	_	_	@tvc1947f-words#@tvc1947f#886.289#886.568
690	разные	разный	ADJ	_	Case=Nom|Degree=Pos|Number=Plur	_	_	_	@tvc1947f-words#@tvc1947f#886.568#886.847
691	/	/	PUNCT	_	_	_	_	_	@tvc1947f-words#@tvc1947f#886.847#887.126
692	но	но	CCONJ	_	_	_	_	_	@tvc1947f-words#@tvc1947f#887.126#887.405
693	у	у	ADP	_	_	_	_	_	@tvc1947f-words#@tvc1947f#887.405#887.684
694	нас	мы	PRON	_	Case=Gen|Number=Plur|Person=1	_	_	_	@tvc1947f-words#@tvc1947f#887.684#887.963
695	есть	быть	VERB	_	Aspect=Imp|Mood=Ind|Number=Sing|Person=3|Tense=Pres|VerbForm=Fin|Voice=Act	_	_	_	@tvc1947f-words#@tvc1947f#887.963#888.242
696	слово	слово	NOUN	_	Animacy=Inan|Case=Nom|Gender=Neut|Number=Sing	_	_	_	@tvc1947f-words#@tvc1947f#888.242#888.521
697	человек	человек	NOUN	_	Animacy=Anim|Case=Nom|Gender=Masc|Number=Plur	_	_	_	@tvc1947f-words#@tvc1947f#888.521#888.8
698	/	/	PUNCT	_	_	_	_	_	@tvc1947f-words#@tvc1947f#888.8#889.079
699	или	или	CCONJ	_	_	_	_	_	@tvc1947f-words#@tvc1947f#889.079#889.358
700	есть	быть	VERB	_	Aspect=Imp|Mood=Ind|Number=Plur|Person=3|Tense=Pres|VerbForm=Fin|Voice=Act	_	_	_	@tvc1947f-words#@tvc1947f#889.358#889.637
701	слово	слово	NOUN	_	Animacy=Inan|Case=Acc|Gender=Neut|Number=Sing	_	_	_	@tvc1947f-words#@tvc1947f#889.637#889.916
702	люди	человек	NOUN	_	Animacy=Anim|Case=Nom|Gender=Masc|Number=Plur	_	_	_	@tvc1947f-words#@tvc1947f#889.916#890.208
703	и	и	CCONJ	_	_	_	_	_	@tvc1947f-words#@tvc1947f#890.428#890.755
704	таким	такой	DET	_	Case=Ins|Gender=Masc|Number=Sing	_	_	_	@tvc1947f-words#@tvc1947f#890.755#891.082
705	образом	образ	NOUN	_	Animacy=Inan|Case=Ins|Gender=Masc|Number=Sing	_	_	_	@tvc1947f-words#@tvc1947f#891.082#891.409
706	мы	мы	PRON	_	Case=Nom|Number=Plur|Person=1	_	_	_	@tvc1947f-words#@tvc1947f#891.409#891.736
707	объединяем	объединять	VERB	_	Aspect=Imp|Mood=Ind|Number=Plur|Person=1|Tense=Pres|VerbForm=Fin|Voice=Act	_	_	_	@tvc1947f-words#@tvc1947f#891.736#892.063
708	это	этот	PRON	_	Case=Acc|Gender=Neut|Number=Sing	_	_	_	@tvc1947f-words#@tvc1947f#892.063#892.395
709	ээ	ээ	INTJ	_	_	_	_	_	@tvc1947f-words#@tvc1947f#897.768#898.151
710	и	и	CCONJ	_	_	_	_	_	@tvc1947f-words#@tvc1947f#898.151#898.534
711	и	и	CCONJ	_	_	_	_	_	@tvc1947f-words#@tvc1947f#898.534#898.917
712	на	на	ADP	_	_	_	_	_	@tvc1947f-words#@tvc1947f#898.917#899.3
713	мой	мой	DET	_	Case=Acc|Gender=Masc|Number=Sing	_	_	_	@tvc1947f-words#@tvc1947f#899.3#899.683
714	нет	нет	PART	_	_	_	_	_	@tvc1947f-words#@tvc1947f#899.683#900.066
715	/	/	PUNCT	_	_	_	_	_	@tvc1947f-words#@tvc1947f#900.066#900.449
716	и	и	CCONJ	_	_	_	_	_	@tvc1947f-words#@tvc1947f#900.449#900.832
717	на	на	ADP	_	_	_	_	_	@tvc1947f-words#@tvc1947f#900.832#901.215
718	взгляд	взгляд	NOUN	_	Animacy=Inan|Case=Acc|Gender=Masc|Number=Sing	_	_	_	@tvc1947f-words#@tvc1947f#901.215#901.598
719	любого	любой	DET	_	Case=Gen|Gender=Masc|Number=Sing	_	_	_	@tvc1947f-words#@tvc1947f#901.598#901.981
720	другого	другой	ADJ	_	Case=Gen|Degree=Pos|Gender=Masc|Number=Sing	_	_	_	@tvc1947f-words#@tvc1947f#901.981#902.364
721	человека	человек	NOUN	_	Animacy=Anim|Case=Gen|Gender=Masc|Number=Sing	_	_	_	@tvc1947f-words#@tvc1947f#902.364#902.747
722	который	который	PRON	_	Case=Nom	_	_	_	@tvc1947f-words#@tvc1947f#902.747#903.13
723	понимает	понимать	VERB	_	Aspect=Imp|Mood=Ind|Number=Sing|Person=3|Tense=Pres|VerbForm=Fin|Voice=Act	_	_	_	@tvc1947f-words#@tvc1947f#903.13#903.513
724	нет	нет	PART	_	_	_	_	_	@tvc1947f-words#@tvc1947f#903.513#903.896
725	и	и	PART	_	_	_	_	_	@tvc1947f-words#@tvc1947f#903.896#904.279
726	быть	быть	AUX	_	Aspect=Imp|VerbForm=Inf|Voice=Act	_	_	_	@tvc1947f-words#@tvc1947f#904.279#904.662
727	не	не	PART	_	_	_	_	_	@tvc1947f-words#@tvc1947f#904.662#905.045
728	может	мочь	VERB	_	Aspect=Imp|Mood=Ind|Number=Sing|Person=3|Tense=Pres|VerbForm=Fin|Voice=Act	_	_	_	@tvc1947f-words#@tvc1947f#905.045#905.428
729	по	по	PART	_	_	_	_	_	@tvc1947f-words#@tvc1947f#905.428#905.811
730	/	/	PUNCT	_	_	_	_	_	@tvc1947f-words#@tvc1947f#905.811#906.194
731	очень	очень	ADV	_	_	_	_	_	@tvc1947f-words#@tvc1947f#906.194#906.577
732	простой	простой	ADJ	_	Case=Dat|Degree=Pos|Gender=Fem|Number=Sing	_	_	_	@tvc1947f-words#@tvc1947f#906.577#906.96
733	причине	причина	NOUN	_	Animacy=Inan|Case=Dat|Gender=Fem|Number=Sing	_	_	_	@tvc1947f-words#@tvc1947f#906.96#907.343
734	/	/	PUNCT	_	_	_	_	_	@tvc1947f-words#@tvc1947f#907.343#907.726
735	это	это	PRON	_	Case=Acc|Gender=Neut|Number=Sing	_	_	_	@tvc1947f-words#@tvc1947f#907.726#908.109
736	такая	такой	DET	_	Case=Nom|Gender=Fem|Number=Sing	_	_	_	@tvc1947f-words#@tvc1947f#908.109#908.492
737	сложная	сложный	ADJ	_	Case=Nom|Degree=Pos|Gender=Fem|Number=Sing	_	_	_	@tvc1947f-words#@tvc1947f#908.492#908.875
738	функция	функция	NOUN	_	Animacy=Inan|Case=Nom|Gender=Fem|Number=Sing	_	_	_	@tvc1947f-words#@tvc1947f#908.875#909.258
739	и	и	CCONJ	_	_	_	_	_	@tvc1947f-words#@tvc1947f#909.258#909.641
740	/	/	PUNCT	_	_	_	_	_	@tvc1947f-words#@tvc1947f#909.641#910.024
741	если	если	SCONJ	_	_	_	_	_	@tvc1947f-words#@tvc1947f#910.024#910.407
742	вы	вы	PRON	_	Case=Nom|Number=Plur|Person=2	_	_	_	@tvc1947f-words#@tvc1947f#910.407#910.79
743	мне	я	PRON	_	Case=Dat|Number=Sing|Person=1	_	_	_	@tvc1947f-words#@tvc1947f#910.79#911.173
744	дадите	дать	VERB	_	Aspect=Imp|Mood=Ind|Number=Plur|Person=2|Tense=Pres|VerbForm=Fin|Voice=Act	_	_	_	@tvc1947f-words#@tvc1947f#911.173#911.556
745	возможность	возможность	NOUN	_	Animacy=Inan|Case=Acc|Gender=Fem|Number=Sing	_	_	_	@tvc1947f-words#@tvc1947f#911.556#911.939
746	я	я	PRON	_	Case=Nom|Number=Sing|Person=1	_	_	_	@tvc1947f-words#@tvc1947f#911.939#912.322
747	расскажу	рассказать	VERB	_	Aspect=Perf|Mood=Ind|Number=Sing|Person=1|Tense=Fut|VerbForm=Fin|Voice=Act	_	_	_	@tvc1947f-words#@tvc1947f#912.322#912.705
748	в	в	ADP	_	_	_	_	_	@tvc1947f-words#@tvc1947f#912.705#913.088
749	чем	что	PRON	_	Case=Loc	_	_	_	@tvc1947f-words#@tvc1947f#913.088#913.471
750	ее	она	PRON	_	Case=Gen|Gender=Fem|Number=Sing|Person=3	_	_	_	@tvc1947f-words#@tvc1947f#913.471#913.854
751	сложность	сложность	NOUN	_	Animacy=Inan|Case=Nom|Gender=Fem|Number=Sing	_	_	_	@tvc1947f-words#@tvc1947f#913.854#914.237
752	/	/	PUNCT	_	_	_	_	_	@tvc1947f-words#@tvc1947f#914.237#914.62
753	что	что	PRON	_	Case=Nom	_	_	_	@tvc1947f-words#@tvc1947f#914.62#915.003
754	только	только	PART	_	_	_	_	_	@tvc1947f-words#@tvc1947f#915.003#915.386
755	очень	очень	ADV	_	_	_	_	_	@tvc1947f-words#@tvc1947f#915.386#915.769
756	наивный	наивный	ADJ	_	Case=Nom|Degree=Pos|Gender=Masc|Number=Sing	_	_	_	@tvc1947f-words#@tvc1947f#915.769#916.152
757	и	и	CCONJ	_	_	_	_	_	@tvc1947f-words#@tvc1947f#916.152#916.535
758	мало	мало	ADV	_	Degree=Pos	_	_	_	@tvc1947f-words#@tvc1947f#916.535#916.918
759	э	э	INTJ	_	_	_	_	_	@tvc1947f-words#@tvc1947f#916.918#917.301
760	просвещенный	просвещить	VERB	_	Animacy=Inan|Aspect=Perf|Case=Nom|Gender=Masc|Number=Sing|Tense=Past|VerbForm=Part|Voice=Pass	_	_	_	@tvc1947f-words#@tvc1947f#917.301#917.684
761	в	в	ADP	_	_	_	_	_	@tvc1947f-words#@tvc1947f#917.684#918.067
762	этой	этот	DET	_	Case=Loc|Gender=Fem|Number=Sing	_	_	_	@tvc1947f-words#@tvc1947f#918.067#918.45
763	области	область	NOUN	_	Animacy=Inan|Case=Loc|Gender=Fem|Number=Sing	_	_	_	@tvc1947f-words#@tvc1947f#918.45#918.833
764	человек	человек	NOUN	_	Animacy=Anim|Case=Nom|Gender=Masc|Number=Sing	_	_	_	@tvc1947f-words#@tvc1947f#918.833#919.216
765	может	мочь	VERB	_	Aspect=Imp|Mood=Ind|Number=Sing|Person=3|Tense=Pres|VerbForm=Fin|Voice=Act	_	_	_	@tvc1947f-words#@tvc1947f#919.216#919.599
766	подумать	подумать	VERB	_	Aspect=Perf|VerbForm=Inf|Voice=Act	_	_	_	@tvc1947f-words#@tvc1947f#919.599#919.982
767	что	что	SCONJ	_	_	_	_	_	@tvc1947f-words#@tvc1947f#919.982#920.365
768	/	/	PUNCT	_	_	_	_	_	@tvc1947f-words#@tvc1947f#920.365#920.748
769	э	э	INTJ	_	_	_	_	_	@tvc1947f-words#@tvc1947f#920.748#921.131
770	вообще	вообще	ADV	_	_	_	_	_	@tvc1947f-words#@tvc1947f#921.131#921.514
771	теоретически	теоретически	ADV	_	Degree=Pos	_	_	_	@tvc1947f-words#@tvc1947f#921.514#921.897
772	может	мочь	VERB	_	Aspect=Imp|Mood=Ind|Number=Sing|Person=3|Tense=Pres|VerbForm=Fin|Voice=Act	_	_	_	@tvc1947f-words#@tvc1947f#921.897#922.28
773	быть	быть	VERB	_	Aspect=Imp|VerbForm=Inf|Voice=Act	_	_	_	@tvc1947f-words#@tvc1947f#922.28#922.663
774	один	один	DET	_	Case=Nom|Gender=Masc|Number=Sing	_	_	_	@tvc1947f-words#@tvc1947f#922.663#923.046
775	ген	ген	NOUN	_	Animacy=Inan|Case=Nom|Gender=Masc|Number=Sing	_	_	_	@tvc1947f-words#@tvc1947f#923.046#923.429
776	который	который	PRON	_	Case=Nom	_	_	_	@tvc1947f-words#@tvc1947f#923.429#923.812
777	ведает	ведать	VERB	_	Aspect=Imp|Mood=Ind|Number=Sing|Person=3|Tense=Pres|VerbForm=Fin|Voice=Act	_	_	_	@tvc1947f-words#@tvc1947f#923.812#924.195
778	такой	такой	DET	_	Case=Ins|Gender=Fem|Number=Sing	_	_	_	@tvc1947f-words#@tvc1947f#924.195#924.578
779	сложной	сложный	ADJ	_	Case=Ins|Degree=Pos|Gender=Fem|Number=Sing	_	_	_	@tvc1947f-words#@tvc1947f#924.578#924.961
780	вещью	вещь	NOUN	_	Animacy=Inan|Case=Ins|Gender=Fem|Number=Sing	_	_	_	@tvc1947f-words#@tvc1947f#924.961#925.344
781	как	как	SCONJ	_	_	_	_	_	@tvc1947f-words#@tvc1947f#925.344#925.727
782	язык	язык	NOUN	_	Animacy=Inan|Case=Nom|Gender=Masc|Number=Sing	_	_	_	@tvc1947f-words#@tvc1947f#925.727#926.11
783	/	/	PUNCT	_	_	_	_	_	@tvc1947f-words#@tvc1947f#926.11#926.493
784	потому	потому	SCONJ	_	_	_	_	_	@tvc1947f-words#@tvc1947f#926.493#926.876
785	что	что	SCONJ	_	_	_	_	_	@tvc1947f-words#@tvc1947f#926.876#927.259
786	в	в	ADP	_	_	_	_	_	@tvc1947f-words#@tvc1947f#927.259#927.642
787	функционировании	функционирование	NOUN	_	Animacy=Inan|Case=Loc|Gender=Neut|Number=Sing	_	_	_	@tvc1947f-words#@tvc1947f#927.642#928.025
788	языка	язык	NOUN	_	Animacy=Inan|Case=Gen|Gender=Masc|Number=Sing	_	_	_	@tvc1947f-words#@tvc1947f#928.025#928.408
789	принимают	принимать	VERB	_	Aspect=Imp|Mood=Ind|Number=Plur|Person=3|Tense=Pres|VerbForm=Fin|Voice=Act	_	_	_	@tvc1947f-words#@tvc1947f#928.408#928.791
790	участие	участие	NOUN	_	Animacy=Inan|Case=Acc|Gender=Neut|Number=Sing	_	_	_	@tvc1947f-words#@tvc1947f#928.791#929.174
791	память	память	NOUN	_	Animacy=Inan|Case=Nom|Gender=Fem|Number=Sing	_	_	_	@tvc1947f-words#@tvc1947f#929.174#929.557
792	/	/	PUNCT	_	_	_	_	_	@tvc1947f-words#@tvc1947f#929.557#929.94
793	разная	разный	ADJ	_	Case=Nom|Degree=Pos|Gender=Fem|Number=Sing	_	_	_	@tvc1947f-words#@tvc1947f#929.94#930.323
794	память	память	NOUN	_	Animacy=Inan|Case=Nom|Gender=Fem|Number=Sing	_	_	_	@tvc1947f-words#@tvc1947f#930.323#930.706
795	/	/	PUNCT	_	_	_	_	_	@tvc1947f-words#@tvc1947f#930.706#931.089
796	оперативная	оперативный	ADJ	_	Case=Nom|Degree=Pos|Gender=Fem|Number=Sing	_	_	_	@tvc1947f-words#@tvc1947f#931.089#931.472
797	/	/	PUNCT	_	_	_	_	_	@tvc1947f-words#@tvc1947f#931.472#931.855
798	долговременная	долговременный	ADJ	_	Case=Nom|Degree=Pos|Gender=Fem|Number=Sing	_	_	_	@tvc1947f-words#@tvc1947f#931.855#932.238
799	/	/	PUNCT	_	_	_	_	_	@tvc1947f-words#@tvc1947f#932.238#932.621
800	ассоциативная	ассоциативный	ADJ	_	Case=Nom|Degree=Pos|Gender=Fem|Number=Sing	_	_	_	@tvc1947f-words#@tvc1947f#932.621#933.004
801	такая-сякая	такой-сякой	DET	_	Case=Nom|Gender=Fem|Number=Sing	_	_	_	@tvc1947f-words#@tvc1947f#933.004#933.387
802	/	/	PUNCT	_	_	_	_	_	@tvc1947f-words#@tvc1947f#933.387#933.77
803	и	и	CCONJ	_	_	_	_	_	@tvc1947f-words#@tvc1947f#933.77#934.153
804	это	это	PRON	_	Animacy=Inan|Case=Nom|Gender=Neut|Number=Sing	_	_	_	@tvc1947f-words#@tvc1947f#934.153#934.536
805	вне	вне	ADP	_	_	_	_	_	@tvc1947f-words#@tvc1947f#934.536#934.919
806	языка	язык	NOUN	_	Animacy=Inan|Case=Gen|Gender=Masc|Number=Sing	_	_	_	@tvc1947f-words#@tvc1947f#934.919#935.318
807	то	то	PRON	_	Animacy=Inan|Case=Nom|Gender=Neut|Number=Sing	_	_	_	@tvc1947f-words#@tvc1947f#936.176#936.493
808	есть	быть	VERB	_	Aspect=Imp|Mood=Ind|Number=Sing|Person=3|Tense=Pres|VerbForm=Fin|Voice=Act	_	_	_	@tvc1947f-words#@tvc1947f#936.493#936.81
809	не	не	PART	_	_	_	_	_	@tvc1947f-words#@tvc1947f#936.81#937.127
810	только	только	PART	_	_	_	_	_	@tvc1947f-words#@tvc1947f#937.127#937.444
811	внутри	внутри	ADP	_	_	_	_	_	@tvc1947f-words#@tvc1947f#937.444#937.761
812	языка	язык	NOUN	_	Animacy=Inan|Case=Gen|Gender=Masc|Number=Sing	_	_	_	@tvc1947f-words#@tvc1947f#937.761#938.078
813	но	но	CCONJ	_	_	_	_	_	@tvc1947f-words#@tvc1947f#938.078#938.395
814	и	и	CCONJ	_	_	_	_	_	@tvc1947f-words#@tvc1947f#938.395#938.712
815	вне	вне	ADP	_	_	_	_	_	@tvc1947f-words#@tvc1947f#938.712#939.029
816	языка	язык	NOUN	_	Animacy=Inan|Case=Gen|Gender=Masc|Number=Sing	_	_	_	@tvc1947f-words#@tvc1947f#939.029#939.346
817	/	/	PUNCT	_	_	_	_	_	@tvc1947f-words#@tvc1947f#939.346#939.663
818	интеллекты	интеллект	NOUN	_	Animacy=Inan|Case=Nom|Gender=Masc|Number=Plur	_	_	_	@tvc1947f-words#@tvc1947f#939.663#939.98
819	разный	разный	ADJ	_	Animacy=Inan|Case=Nom|Degree=Pos|Gender=Masc|Number=Sing	_	_	_	@tvc1947f-words#@tvc1947f#939.98#940.297
820	/	/	PUNCT	_	_	_	_	_	@tvc1947f-words#@tvc1947f#940.297#940.614
821	эмоции	эмоция	NOUN	_	Animacy=Inan|Case=Nom|Gender=Fem|Number=Plur	_	_	_	@tvc1947f-words#@tvc1947f#940.614#940.931
822	/	/	PUNCT	_	_	_	_	_	@tvc1947f-words#@tvc1947f#940.931#941.248
823	внимание	внимание	NOUN	_	Animacy=Inan|Case=Nom|Gender=Neut|Number=Sing	_	_	_	@tvc1947f-words#@tvc1947f#941.248#941.565
824	/	/	PUNCT	_	_	_	_	_	@tvc1947f-words#@tvc1947f#941.565#941.882
825	и	и	CCONJ	_	_	_	_	_	@tvc1947f-words#@tvc1947f#941.882#942.199
826	еще	еще	ADV	_	_	_	_	_	@tvc1947f-words#@tvc1947f#942.199#942.516
827	там	там	ADV	_	_	_	_	_	@tvc1947f-words#@tvc1947f#942.516#942.833
828	бог	бог	NOUN	_	Animacy=Anim|Case=Nom|Gender=Masc|Number=Sing	_	_	_	@tvc1947f-words#@tvc1947f#942.833#943.15
829	знает	знать	VERB	_	Aspect=Imp|Mood=Ind|Number=Sing|Person=3|Tense=Pres|VerbForm=Fin|Voice=Act	_	_	_	@tvc1947f-words#@tvc1947f#943.15#943.467
830	что	что	PRON	_	Case=Acc	_	_	_	@tvc1947f-words#@tvc1947f#943.467#943.784
831	/	/	PUNCT	_	_	_	_	_	@tvc1947f-words#@tvc1947f#943.784#944.101
832	это	это	PRON	_	Animacy=Inan|Case=Nom|Gender=Neut|Number=Sing	_	_	_	@tvc1947f-words#@tvc1947f#944.101#944.418
833	целый	целый	ADJ	_	Case=Nom|Degree=Pos|Gender=Masc|Number=Sing	_	_	_	@tvc1947f-words#@tvc1947f#944.418#944.735
834	список	список	NOUN	_	Animacy=Inan|Case=Nom|Gender=Masc|Number=Sing	_	_	_	@tvc1947f-words#@tvc1947f#944.735#945.066
835	представить	представить	VERB	_	Aspect=Perf|VerbForm=Inf|Voice=Act	_	_	_	@tvc1947f-words#@tvc1947f#945.186#945.546
836	себе	себя	PRON	_	Case=Dat	_	_	_	@tvc1947f-words#@tvc1947f#945.546#945.906
837	что	что	SCONJ	_	_	_	_	_	@tvc1947f-words#@tvc1947f#945.906#946.266
838	такую	такой	DET	_	Case=Acc|Gender=Fem|Number=Sing	_	_	_	@tvc1947f-words#@tvc1947f#946.266#946.626
839	сложную	сложный	ADJ	_	Case=Acc|Degree=Pos|Gender=Fem|Number=Sing	_	_	_	@tvc1947f-words#@tvc1947f#946.626#946.986
840	систему	система	NOUN	_	Animacy=Inan|Case=Acc|Gender=Fem|Number=Sing	_	_	_	@tvc1947f-words#@tvc1947f#946.986#947.346
841	может	мочь	VERB	_	Aspect=Imp|Mood=Ind|Number=Sing|Person=3|Tense=Pres|VerbForm=Fin|Voice=Act	_	_	_	@tvc1947f-words#@tvc1947f#947.346#947.706
842	обслужить	обслуживать	VERB	_	Aspect=Imp|VerbForm=Inf|Voice=Act	_	_	_	@tvc1947f-words#@tvc1947f#947.706#948.066
843	один	один		_	Case=Nom|Gender=Masc|Number=Sing	_	_	_	@tvc1947f-words#@tvc1947f#948.066#948.426
844	ген	ген	NOUN	_	Animacy=Inan|Case=Nom|Gender=Masc|Number=Sing	_	_	_	@tvc1947f-words#@tvc1947f#948.426#948.786
845	/	/	PUNCT	_	_	_	_	_	@tvc1947f-words#@tvc1947f#948.786#949.146
846	конечно	конечно	ADV	_	_	_	_	_	@tvc1947f-words#@tvc1947f#949.146#949.506
847	нет	нет	PART	_	_	_	_	_	@tvc1947f-words#@tvc1947f#949.506#949.867
848	но	но	CCONJ	_	_	_	_	_	@tvc1947f-words#@tvc1947f#950.121#950.529
849	/	/	PUNCT	_	_	_	_	_	@tvc1947f-words#@tvc1947f#950.529#950.937
850	я	я	PRON	_	Case=Nom|Number=Sing|Person=1	_	_	_	@tvc1947f-words#@tvc1947f#950.937#951.345
851	понимаю	понимать	VERB	_	Aspect=Imp|Mood=Ind|Number=Sing|Person=1|Tense=Pres|VerbForm=Fin|Voice=Act	_	_	_	@tvc1947f-words#@tvc1947f#951.345#951.753
852	что	что	SCONJ	_	_	_	_	_	@tvc1947f-words#@tvc1947f#951.753#952.161
853	вы	вы	PRON	_	Case=Nom|Number=Plur|Person=2	_	_	_	@tvc1947f-words#@tvc1947f#952.161#952.569
854	можете	мочь	VERB	_	Aspect=Imp|Mood=Ind|Number=Plur|Person=2|Tense=Pres|VerbForm=Fin|Voice=Act	_	_	_	@tvc1947f-words#@tvc1947f#952.569#952.977
855	меня	я	PRON	_	Case=Acc|Number=Sing|Person=1	_	_	_	@tvc1947f-words#@tvc1947f#952.977#953.385
856	ээ	ээ	INTJ	_	_	_	_	_	@tvc1947f-words#@tvc1947f#953.385#953.793
857	щипнуть	щипнуть	VERB	_	Aspect=Perf|VerbForm=Inf|Voice=Act	_	_	_	@tvc1947f-words#@tvc1947f#953.793#954.201
858	на	на	ADP	_	_	_	_	_	@tvc1947f-words#@tvc1947f#954.201#954.609
859	тему	тема	NOUN	_	Animacy=Inan|Case=Acc|Gender=Fem|Number=Sing	_	_	_	@tvc1947f-words#@tvc1947f#954.609#955.017
860	знаменитого	знаменитый	ADJ	_	Case=Gen|Degree=Pos|Gender=Masc|Number=Sing	_	_	_	@tvc1947f-words#@tvc1947f#955.017#955.425
861	гена	ген	X	_	Animacy=Inan|Case=Gen|Gender=Masc|Number=Sing	_	_	_	@tvc1947f-words#@tvc1947f#955.425#955.833
862	фокс	фокс	X	_	_	_	_	_	@tvc1947f-words#@tvc1947f#955.833#956.241
863	пи	пи	X	_	_	_	_	_	@tvc1947f-words#@tvc1947f#956.241#956.649
864	два	два	NUM	_	Case=Nom|Gender=Masc	_	_	_	@tvc1947f-words#@tvc1947f#956.649#957.057
865	/	/	PUNCT	_	_	_	_	_	@tvc1947f-words#@tvc1947f#957.057#957.465
866	который	который	PRON	_	Case=Nom	_	_	_	@tvc1947f-words#@tvc1947f#957.465#957.873
867	был	быть	AUX	_	Aspect=Imp|Gender=Masc|Mood=Ind|Number=Sing|Tense=Past|VerbForm=Fin|Voice=Act	_	_	_	@tvc1947f-words#@tvc1947f#957.873#958.281
868	объявлен	объявить	VERB	_	Aspect=Perf|Gender=Masc|Number=Sing|Tense=Past|Variant=Short|VerbForm=Part|Voice=Pass	_	_	_	@tvc1947f-words#@tvc1947f#958.281#958.689
869	как	как	SCONJ	_	_	_	_	_	@tvc1947f-words#@tvc1947f#958.689#959.097
870	ген	ген	NOUN	_	Animacy=Inan|Case=Nom|Gender=Masc|Number=Sing	_	_	_	@tvc1947f-words#@tvc1947f#959.097#959.505
871	языка	язык	NOUN	_	Animacy=Inan|Case=Gen|Gender=Masc|Number=Sing	_	_	_	@tvc1947f-words#@tvc1947f#959.505#959.922