1	Итак	итак	ADV	_	Degree=Pos	_	_	_	@vvp1934m-words#@vvp1934m#634.21#634.486
2	/	/	PUNCT	_	_	_	_	_	@vvp1934m-words#@vvp1934m#634.486#634.762
3	поговорим	говорить	VERB	_	Aspect=Perf|Mood=Ind|Number=Plur|Person=1|Tense=Fut|VerbForm=Fin|Voice=Act	_	_	_	@vvp1934m-words#@vvp1934m#634.762#635.038
4	о	о	ADP	_	_	_	_	_	@vvp1934m-words#@vvp1934m#635.038#635.314
5	языке	язык	NOUN	_	Animacy=Inan|Case=Loc|Gender=Masc|Number=Sing	_	_	_	@vvp1934m-words#@vvp1934m#635.314#635.59
6	значит	значить	VERB	_	Aspect=Imp|Mood=Ind|Number=Sing|Person=3|Tense=Pres|VerbForm=Fin|Voice=Act	_	_	_	@vvp1934m-words#@vvp1934m#635.62#635.985
7	/	/	PUNCT	_	_	_	_	_	@vvp1934m-words#@vvp1934m#635.985#636.35
8	вы	вы	PRON	_	Case=Nom|Number=Plur|Person=2	_	_	_	@vvp1934m-words#@vvp1934m#636.35#636.715
9	утверждаете	утверждать	VERB	_	Aspect=Imp|Mood=Ind|Number=Plur|Person=2|Tense=Pres|VerbForm=Fin|Voice=Act	_	_	_	@vvp1934m-words#@vvp1934m#636.715#637.08
10	/	/	PUNCT	_	_	_	_	_	@vvp1934m-words#@vvp1934m#637.08#637.445
11	я	я	PRON	_	Case=Nom|Number=Sing|Person=1	_	_	_	@vvp1934m-words#@vvp1934m#637.445#637.81
12	вас	вы	PRON	_	Case=Acc|Number=Plur|Person=2	_	_	_	@vvp1934m-words#@vvp1934m#637.81#638.175
13	цитирую	цитировать	VERB	_	Aspect=Imp|Mood=Ind|Number=Sing|Person=1|Tense=Pres|VerbForm=Fin|Voice=Act	_	_	_	@vvp1934m-words#@vvp1934m#638.175#638.54
14	/	/	PUNCT	_	_	_	_	_	@vvp1934m-words#@vvp1934m#638.54#638.905
15	что	что	SCONJ	_	_	_	_	_	@vvp1934m-words#@vvp1934m#638.905#639.27
16	самые	самый	ADJ	_	Case=Nom|Degree=Pos|Number=Plur	_	_	_	@vvp1934m-words#@vvp1934m#639.27#639.635
17	сложные	сложный	ADJ	_	Case=Nom|Degree=Pos|Number=Plur	_	_	_	@vvp1934m-words#@vvp1934m#639.635#640.0
18	после	после	ADP	_	_	_	_	_	@vvp1934m-words#@vvp1934m#640.0#640.365
19	нашей	наш	DET	_	Case=Gen|Gender=Fem|Number=Sing	_	_	_	@vvp1934m-words#@vvp1934m#640.365#640.73
20	вселенной	вселенная	NOUN	_	Animacy=Inan|Case=Gen|Gender=Fem|Number=Sing	_	_	_	@vvp1934m-words#@vvp1934m#640.73#641.095
21	/	/	PUNCT	_	_	_	_	_	@vvp1934m-words#@vvp1934m#641.095#641.46
22	это	это	PRON	_	Animacy=Inan|Case=Nom|Gender=Neut|Number=Sing	_	_	_	@vvp1934m-words#@vvp1934m#641.46#641.825
23	человеческий	человеческий	ADJ	_	Case=Nom|Degree=Pos|Gender=Masc|Number=Sing	_	_	_	@vvp1934m-words#@vvp1934m#641.825#642.19
24	мозг	мозг	NOUN	_	Animacy=Inan|Case=Nom|Gender=Masc|Number=Sing	_	_	_	@vvp1934m-words#@vvp1934m#642.19#642.555
25	и	и	CCONJ	_	_	_	_	_	@vvp1934m-words#@vvp1934m#642.555#642.92
26	язык	язык	NOUN	_	Animacy=Inan|Case=Nom|Gender=Masc|Number=Sing	_	_	_	@vvp1934m-words#@vvp1934m#642.92#643.3
27	#цыкает#	#цыкает#	NOUN	_	Animacy=Inan|Case=Gen|Gender=Fem|Number=Sing	_	_	_	@vvp1934m-words#@vvp1934m#643.6#643.863
28	про	про	ADP	_	_	_	_	_	@vvp1934m-words#@vvp1934m#643.863#644.126
29	мозг	мозг	NOUN	_	Animacy=Inan|Case=Acc|Gender=Masc|Number=Sing	_	_	_	@vvp1934m-words#@vvp1934m#644.126#644.389
30	мы	мы	PRON	_	Case=Nom|Number=Plur|Person=1	_	_	_	@vvp1934m-words#@vvp1934m#644.389#644.652
31	уже	уже	ADV	_	Degree=Pos	_	_	_	@vvp1934m-words#@vvp1934m#644.652#644.915
32	как-то	как-то	ADV	_	Degree=Pos	_	_	_	@vvp1934m-words#@vvp1934m#644.915#645.178
33	поговорили	говорить	VERB	_	Aspect=Perf|Mood=Ind|Number=Plur|Tense=Past|VerbForm=Fin|Voice=Act	_	_	_	@vvp1934m-words#@vvp1934m#645.178#645.441
34	/	/	PUNCT	_	_	_	_	_	@vvp1934m-words#@vvp1934m#645.441#645.704
35	хотя	хотя	SCONJ	_	_	_	_	_	@vvp1934m-words#@vvp1934m#645.704#645.967
36	вернемся	вернуться	VERB	_	Aspect=Perf|Mood=Ind|Number=Plur|Person=1|Tense=Fut|VerbForm=Fin|Voice=Mid	_	_	_	@vvp1934m-words#@vvp1934m#645.967#646.23
37	к	к	ADP	_	_	_	_	_	@vvp1934m-words#@vvp1934m#646.23#646.493
38	нему	он	PRON	_	Case=Dat|Gender=Masc|Number=Sing|Person=3	_	_	_	@vvp1934m-words#@vvp1934m#646.493#646.756
39	еще	еще	ADV	_	Degree=Pos	_	_	_	@vvp1934m-words#@vvp1934m#646.756#647.019
40	раз…	раз…	PUNCT	_	_	_	_	_	@vvp1934m-words#@vvp1934m#647.019#647.282
41	не	не	PART	_	_	_	_	_	@vvp1934m-words#@vvp1934m#647.282#647.545
42	раз	раз	NOUN	_	Animacy=Inan|Case=Acc|Gender=Masc|Number=Sing	_	_	_	@vvp1934m-words#@vvp1934m#647.545#647.808
43	/	/	PUNCT	_	_	_	_	_	@vvp1934m-words#@vvp1934m#647.808#648.071
44	или	или	CCONJ	_	_	_	_	_	@vvp1934m-words#@vvp1934m#648.071#648.334
45	он	он	PRON	_	Case=Nom|Gender=Masc|Number=Sing|Person=3	_	_	_	@vvp1934m-words#@vvp1934m#648.334#648.597
46	нас	мы	PRON	_	Case=Acc|Number=Plur|Person=1	_	_	_	@vvp1934m-words#@vvp1934m#648.597#648.86
47	вернет	вернуть	VERB	_	Aspect=Perf|Mood=Ind|Number=Sing|Person=3|Tense=Fut|VerbForm=Fin|Voice=Act	_	_	_	@vvp1934m-words#@vvp1934m#648.86#649.123
48	к	к	ADP	_	_	_	_	_	@vvp1934m-words#@vvp1934m#649.123#649.386
49	себе	себя	PRON	_	Case=Dat	_	_	_	@vvp1934m-words#@vvp1934m#649.386#649.649
50	/	/	PUNCT	_	_	_	_	_	@vvp1934m-words#@vvp1934m#649.649#649.912
51	уж	уж	PART	_	_	_	_	_	@vvp1934m-words#@vvp1934m#649.912#650.175
52	тут	тут	ADV	_	Degree=Pos	_	_	_	@vvp1934m-words#@vvp1934m#650.175#650.438
53	не	не	PART	_	_	_	_	_	@vvp1934m-words#@vvp1934m#650.438#650.701
54	знаю	знать	VERB	_	Aspect=Imp|Mood=Ind|Number=Sing|Person=1|Tense=Pres|VerbForm=Fin|Voice=Act	_	_	_	@vvp1934m-words#@vvp1934m#650.701#650.964
55	как	как	ADV	_	Degree=Pos	_	_	_	@vvp1934m-words#@vvp1934m#650.964#651.227
56	сказать	сказать	VERB	_	Aspect=Perf|VerbForm=Inf|Voice=Act	_	_	_	@vvp1934m-words#@vvp1934m#651.227#651.49
57	в	в	ADP	_	_	_	_	_	@vvp1934m-words#@vvp1934m#652.32#652.653
58	чем	что	PRON	_	Case=Loc	_	_	_	@vvp1934m-words#@vvp1934m#652.653#652.986
59	такая	такой	DET	_	Case=Nom|Gender=Fem|Number=Sing	_	_	_	@vvp1934m-words#@vvp1934m#652.986#653.319
60	уж	уж	PART	_	_	_	_	_	@vvp1934m-words#@vvp1934m#653.319#653.652
61	сложность	сложность	NOUN	_	Animacy=Inan|Case=Nom|Gender=Fem|Number=Sing	_	_	_	@vvp1934m-words#@vvp1934m#653.652#653.985
62	языка?	языка?	PUNCT	_	_	_	_	_	@vvp1934m-words#@vvp1934m#653.985#654.32
63	конечно	конечно	ADV	_	Degree=Pos	_	_	_	@vvp1934m-words#@vvp1934m#658.84#659.31
64	да	да	PART	_	_	_	_	_	@vvp1934m-words#@vvp1934m#749.636#750.021
65	да	да	PART	_	_	_	_	_	@vvp1934m-words#@vvp1934m#751.439#751.779
66	ну	ну	PART	_	_	_	_	_	@vvp1934m-words#@vvp1934m#770.538#770.933
67	аа	ао	NOUN	_	Animacy=Inan|Case=Gen|Gender=Masc|Number=Sing	_	_	_	@vvp1934m-words#@vvp1934m#778.834#779.177
68	и	и	CCONJ	_	_	_	_	_	@vvp1934m-words#@vvp1934m#779.177#779.52
69	никакого	никакой	DET	_	Case=Gen|Gender=Neut|Number=Sing	_	_	_	@vvp1934m-words#@vvp1934m#779.52#779.863
70	толкования	толкование	NOUN	_	Animacy=Inan|Case=Gen|Gender=Neut|Number=Sing	_	_	_	@vvp1934m-words#@vvp1934m#779.863#780.208
71	конечно	конечно	ADV	_	Degree=Pos	_	_	_	@vvp1934m-words#@vvp1934m#890.186#890.653
72	конечно	конечно	ADV	_	Degree=Pos	_	_	_	@vvp1934m-words#@vvp1934m#890.653#891.121
73	хорошо	хорошо	ADJ	_	Degree=Pos|Gender=Neut|Number=Sing|Variant=Short	_	_	_	@vvp1934m-words#@vvp1934m#893.219#893.555
74	/	/	PUNCT	_	_	_	_	_	@vvp1934m-words#@vvp1934m#893.555#893.891
75	скажите	сказать	VERB	_	Aspect=Perf|Mood=Imp|Number=Plur|Person=2|VerbForm=Fin|Voice=Act	_	_	_	@vvp1934m-words#@vvp1934m#893.891#894.227
76	мне	я	PRON	_	Case=Dat|Number=Sing|Person=1	_	_	_	@vvp1934m-words#@vvp1934m#894.227#894.563
77	пожалуйста	пожалуйста	ADV	_	Degree=Pos	_	_	_	@vvp1934m-words#@vvp1934m#894.563#894.899
78	/	/	PUNCT	_	_	_	_	_	@vvp1934m-words#@vvp1934m#894.899#895.235
79	есть	быть	VERB	_	Aspect=Imp|Mood=Ind|Number=Sing|Person=3|Tense=Pres|VerbForm=Fin|Voice=Act	_	_	_	@vvp1934m-words#@vvp1934m#895.235#895.571
80	ли	ли	PART	_	_	_	_	_	@vvp1934m-words#@vvp1934m#895.571#895.907
81	ген	генный	NOUN	_	Animacy=Inan|Case=Nom|Gender=Masc|Number=Sing	_	_	_	@vvp1934m-words#@vvp1934m#895.907#896.243
82	языка	язык	NOUN	_	Animacy=Inan|Case=Gen|Gender=Masc|Number=Sing	_	_	_	@vvp1934m-words#@vvp1934m#896.243#896.579
83	на	на	ADP	_	_	_	_	_	@vvp1934m-words#@vvp1934m#896.579#896.915
84	ваш	ваш	DET	_	Case=Acc|Gender=Masc|Number=Sing	_	_	_	@vvp1934m-words#@vvp1934m#896.915#897.251
85	взгляд?	взгляд?	SYM	_	_	_	_	_	@vvp1934m-words#@vvp1934m#897.251#897.592
86	нету	нет	VERB	_	Aspect=Imp|Mood=Ind|Number=Sing|Person=3|Tense=Pres|VerbForm=Fin|Voice=Act	_	_	_	@vvp1934m-words#@vvp1934m#902.164#902.604
87	ээм	ээм	NOUN	_	Animacy=Inan|Case=Acc|Gender=Masc|Number=Sing	_	_	_	@tvc1947f-words#@tvc1947f#655.21#655.538
88	вот	вот	PART	_	_	_	_	_	@tvc1947f-words#@tvc1947f#655.538#655.866
89	если	если	SCONJ	_	_	_	_	_	@tvc1947f-words#@tvc1947f#655.866#656.194
90	вы	вы	PRON	_	Case=Nom|Number=Plur|Person=2	_	_	_	@tvc1947f-words#@tvc1947f#656.194#656.522
91	позволите	позволить	VERB	_	Aspect=Perf|Mood=Ind|Number=Plur|Person=2|Tense=Fut|VerbForm=Fin|Voice=Act	_	_	_	@tvc1947f-words#@tvc1947f#656.522#656.85
92	/	/	PUNCT	_	_	_	_	_	@tvc1947f-words#@tvc1947f#656.85#657.178
93	я	я	PRON	_	Case=Nom|Number=Sing|Person=1	_	_	_	@tvc1947f-words#@tvc1947f#657.178#657.506
94	на	на	ADP	_	_	_	_	_	@tvc1947f-words#@tvc1947f#657.506#657.834
95	шаг	шаг	NOUN	_	Animacy=Inan|Case=Acc|Gender=Masc|Number=Sing	_	_	_	@tvc1947f-words#@tvc1947f#657.834#658.162
96	раньше	ранее	ADV	_	Degree=Cmp	_	_	_	@tvc1947f-words#@tvc1947f#658.162#658.49
97	отступлю	отступить	VERB	_	Aspect=Perf|Mood=Ind|Number=Sing|Person=1|Tense=Fut|VerbForm=Fin|Voice=Act	_	_	_	@tvc1947f-words#@tvc1947f#658.49#658.82
98	все	весь	DET	_	Case=Nom|Number=Plur	_	_	_	@tvc1947f-words#@tvc1947f#659.32#659.793
99	живые	живой	ADJ	_	Case=Nom|Degree=Pos|Number=Plur	_	_	_	@tvc1947f-words#@tvc1947f#659.793#660.266
100	организмы	организм	NOUN	_	Animacy=Inan|Case=Nom|Gender=Masc|Number=Plur	_	_	_	@tvc1947f-words#@tvc1947f#660.266#660.739
101	/	/	PUNCT	_	_	_	_	_	@tvc1947f-words#@tvc1947f#660.739#661.212
102	все	весь	DET	_	Case=Nom|Gender=Neut|Number=Sing	_	_	_	@tvc1947f-words#@tvc1947f#661.212#661.685
103	любой	любой	DET	_	Case=Gen|Gender=Fem|Number=Sing	_	_	_	@tvc1947f-words#@tvc1947f#661.685#662.158
104	степени	степень	NOUN	_	Animacy=Inan|Case=Gen|Gender=Fem|Number=Sing	_	_	_	@tvc1947f-words#@tvc1947f#662.158#662.631
105	сложности	сложность	NOUN	_	Animacy=Inan|Case=Gen|Gender=Fem|Number=Sing	_	_	_	@tvc1947f-words#@tvc1947f#662.631#663.104
106	/	/	PUNCT	_	_	_	_	_	@tvc1947f-words#@tvc1947f#663.104#663.577
107	имеют	иметь	VERB	_	Aspect=Imp|Mood=Ind|Number=Plur|Person=3|Tense=Pres|VerbForm=Fin|Voice=Act	_	_	_	@tvc1947f-words#@tvc1947f#663.577#664.05
108	какие-то	какой-то	DET	_	Case=Nom|Number=Plur	_	_	_	@tvc1947f-words#@tvc1947f#664.05#664.523
109	системы	система	NOUN	_	Animacy=Inan|Case=Nom|Gender=Fem|Number=Plur	_	_	_	@tvc1947f-words#@tvc1947f#664.523#664.996
110	коммуникации	коммуникация	NOUN	_	Animacy=Inan|Case=Gen|Gender=Fem|Number=Sing	_	_	_	@tvc1947f-words#@tvc1947f#664.996#665.48
111	кто	кто	PRON	_	Case=Nom	_	_	_	@tvc1947f-words#@tvc1947f#665.909#666.328
112	коммуницирует	коммуницировать	VERB	_	Aspect=Imp|Mood=Ind|Number=Sing|Person=3|Tense=Pres|VerbForm=Fin|Voice=Act	_	_	_	@tvc1947f-words#@tvc1947f#666.328#666.747
113	с	с	ADP	_	_	_	_	_	@tvc1947f-words#@tvc1947f#666.747#667.166
114	помощью	помощь	NOUN	_	Animacy=Inan|Case=Ins|Gender=Fem|Number=Sing	_	_	_	@tvc1947f-words#@tvc1947f#667.166#667.585
115	химии	химия	NOUN	_	Animacy=Inan|Case=Gen|Gender=Fem|Number=Sing	_	_	_	@tvc1947f-words#@tvc1947f#667.585#668.004
116	скажем	сказать	VERB	_	Aspect=Perf|Mood=Ind|Number=Plur|Person=1|Tense=Fut|VerbForm=Fin|Voice=Act	_	_	_	@tvc1947f-words#@tvc1947f#668.004#668.423
117	инфузория	инфузория	NOUN	_	Animacy=Inan|Case=Nom|Gender=Fem|Number=Sing	_	_	_	@tvc1947f-words#@tvc1947f#668.423#668.842
118	туфелька	туфелек	NOUN	_	Animacy=Inan|Case=Gen|Gender=Masc|Number=Sing	_	_	_	@tvc1947f-words#@tvc1947f#668.842#669.261
119	/	/	PUNCT	_	_	_	_	_	@tvc1947f-words#@tvc1947f#669.261#669.68
120	кто	кто	PRON	_	Case=Nom	_	_	_	@tvc1947f-words#@tvc1947f#669.68#670.099
121	с	с	ADP	_	_	_	_	_	@tvc1947f-words#@tvc1947f#670.099#670.518
122	помощью	помощь	NOUN	_	Animacy=Inan|Case=Ins|Gender=Fem|Number=Sing	_	_	_	@tvc1947f-words#@tvc1947f#670.518#670.937
123	электричества	электричество	NOUN	_	Animacy=Inan|Case=Gen|Gender=Neut|Number=Sing	_	_	_	@tvc1947f-words#@tvc1947f#670.937#671.356
124	какой-нибудь	какой-нибудь	DET	_	Case=Acc|Gender=Masc|Number=Sing	_	_	_	@tvc1947f-words#@tvc1947f#671.356#671.775
125	электрический	электрический	ADJ	_	Animacy=Inan|Case=Acc|Degree=Pos|Gender=Masc|Number=Sing	_	_	_	@tvc1947f-words#@tvc1947f#671.775#672.194
126	скат	скат	NOUN	_	Animacy=Inan|Case=Acc|Gender=Masc|Number=Sing	_	_	_	@tvc1947f-words#@tvc1947f#672.194#672.613
127	/	/	PUNCT	_	_	_	_	_	@tvc1947f-words#@tvc1947f#672.613#673.032
128	кто-то	кто-то	PRON	_	Case=Nom	_	_	_	@tvc1947f-words#@tvc1947f#673.032#673.451
129	активно	активно	ADV	_	Degree=Pos	_	_	_	@tvc1947f-words#@tvc1947f#673.451#673.87
130	/	/	PUNCT	_	_	_	_	_	@tvc1947f-words#@tvc1947f#673.87#674.289
131	кто	кто	PRON	_	Case=Nom	_	_	_	@tvc1947f-words#@tvc1947f#674.289#674.708
132	запаховым	запаховый	ADJ	_	Case=Ins|Degree=Pos|Gender=Masc|Number=Sing	_	_	_	@tvc1947f-words#@tvc1947f#674.708#675.127
133	образом	образ	NOUN	_	Animacy=Inan|Case=Ins|Gender=Masc|Number=Sing	_	_	_	@tvc1947f-words#@tvc1947f#675.127#675.546
134	/	/	PUNCT	_	_	_	_	_	@tvc1947f-words#@tvc1947f#675.546#675.965
135	кто	кто	PRON	_	Case=Nom	_	_	_	@tvc1947f-words#@tvc1947f#675.965#676.384
136	акустически	акустически	ADV	_	Degree=Pos	_	_	_	@tvc1947f-words#@tvc1947f#676.384#676.803
137	/	/	PUNCT	_	_	_	_	_	@tvc1947f-words#@tvc1947f#676.803#677.222
138	нет	нет	PART	_	_	_	_	_	@tvc1947f-words#@tvc1947f#677.222#677.641
139	/	/	PUNCT	_	_	_	_	_	@tvc1947f-words#@tvc1947f#677.641#678.06
140	организмов	организм	NOUN	_	Animacy=Inan|Case=Gen|Gender=Masc|Number=Plur	_	_	_	@tvc1947f-words#@tvc1947f#678.06#678.479
141	/	/	PUNCT	_	_	_	_	_	@tvc1947f-words#@tvc1947f#678.479#678.898
142	которые	который	PRON	_	Case=Nom	_	_	_	@tvc1947f-words#@tvc1947f#678.898#679.317
143	не	не	PART	_	_	_	_	_	@tvc1947f-words#@tvc1947f#679.317#679.736
144	вступают	вступить	VERB	_	Aspect=Imp|Mood=Ind|Number=Plur|Person=3|Tense=Pres|VerbForm=Fin|Voice=Act	_	_	_	@tvc1947f-words#@tvc1947f#679.736#680.155
145	в	в	ADP	_	_	_	_	_	@tvc1947f-words#@tvc1947f#680.155#680.574
146	коммуникацию	коммуникация	NOUN	_	Animacy=Inan|Case=Acc|Gender=Fem|Number=Sing	_	_	_	@tvc1947f-words#@tvc1947f#680.574#680.993
147	к	к	ADP	_	_	_	_	_	@tvc1947f-words#@tvc1947f#680.993#681.412
148	себе	себя	PRON	_	Case=Dat	_	_	_	@tvc1947f-words#@tvc1947f#681.412#681.831
149	подобными	подобный	ADJ	_	Case=Ins|Degree=Pos|Number=Plur	_	_	_	@tvc1947f-words#@tvc1947f#681.831#682.25
150	или	или	CCONJ	_	_	_	_	_	@tvc1947f-words#@tvc1947f#682.25#682.669
151	со	с	ADP	_	_	_	_	_	@tvc1947f-words#@tvc1947f#682.669#683.088
152	своими	свой	DET	_	Case=Ins|Number=Plur	_	_	_	@tvc1947f-words#@tvc1947f#683.088#683.507
153	врагами	враг	NOUN	_	Animacy=Anim|Case=Ins|Gender=Masc|Number=Plur	_	_	_	@tvc1947f-words#@tvc1947f#683.507#683.926
154	или	или	CCONJ	_	_	_	_	_	@tvc1947f-words#@tvc1947f#683.926#684.345
155	даже	даже	PART	_	_	_	_	_	@tvc1947f-words#@tvc1947f#684.345#684.764
156	отчасти	отчасти	ADV	_	Degree=Pos	_	_	_	@tvc1947f-words#@tvc1947f#684.764#685.183
157	жертвами	жертва	NOUN	_	Animacy=Anim|Case=Ins|Gender=Fem|Number=Plur	_	_	_	@tvc1947f-words#@tvc1947f#685.183#685.637
158	#вздох#	#вздох#	NOUN	_	Animacy=Inan|Case=Gen|Gender=Fem|Number=Sing	_	_	_	@tvc1947f-words#@tvc1947f#685.999#686.37
159	/	/	PUNCT	_	_	_	_	_	@tvc1947f-words#@tvc1947f#686.37#686.741
160	и	и	CCONJ	_	_	_	_	_	@tvc1947f-words#@tvc1947f#686.741#687.112
161	поэтому	поэтому	ADV	_	Degree=Pos	_	_	_	@tvc1947f-words#@tvc1947f#687.112#687.483
162	встает	вставать	VERB	_	Aspect=Imp|Mood=Ind|Number=Sing|Person=3|Tense=Pres|VerbForm=Fin|Voice=Act	_	_	_	@tvc1947f-words#@tvc1947f#687.483#687.854
163	вопрос	вопрос	NOUN	_	Animacy=Inan|Case=Nom|Gender=Masc|Number=Sing	_	_	_	@tvc1947f-words#@tvc1947f#687.854#688.225
164	/	/	PUNCT	_	_	_	_	_	@tvc1947f-words#@tvc1947f#688.225#688.596
165	а	а	CCONJ	_	_	_	_	_	@tvc1947f-words#@tvc1947f#688.596#688.967
166	что	что	PRON	_	Case=Nom	_	_	_	@tvc1947f-words#@tvc1947f#688.967#689.338
167	такого	такой	DET	_	Case=Gen|Gender=Neut|Number=Sing	_	_	_	@tvc1947f-words#@tvc1947f#689.338#689.709
168	почему	почему	ADV	_	Degree=Pos	_	_	_	@tvc1947f-words#@tvc1947f#689.709#690.08
169	такой	такой	DET	_	Case=Acc|Gender=Masc|Number=Sing	_	_	_	@tvc1947f-words#@tvc1947f#690.08#690.451
170	пафос	пафос	NOUN	_	Animacy=Inan|Case=Acc|Gender=Masc|Number=Sing	_	_	_	@tvc1947f-words#@tvc1947f#690.451#690.822
171	вокруг	вокруг	ADP	_	_	_	_	_	@tvc1947f-words#@tvc1947f#690.822#691.193
172	именно	именно	PART	_	_	_	_	_	@tvc1947f-words#@tvc1947f#691.193#691.564
173	человеческого	человеческий	ADJ	_	Case=Gen|Degree=Pos|Gender=Masc|Number=Sing	_	_	_	@tvc1947f-words#@tvc1947f#691.564#691.935
174	языка	язык	NOUN	_	Animacy=Inan|Case=Gen|Gender=Masc|Number=Sing	_	_	_	@tvc1947f-words#@tvc1947f#691.935#692.306
175	/	/	PUNCT	_	_	_	_	_	@tvc1947f-words#@tvc1947f#692.306#692.677
176	и	и	CCONJ	_	_	_	_	_	@tvc1947f-words#@tvc1947f#692.677#693.048
177	на	на	ADP	_	_	_	_	_	@tvc1947f-words#@tvc1947f#693.048#693.419
178	эту	этот	DET	_	Case=Acc|Gender=Fem|Number=Sing	_	_	_	@tvc1947f-words#@tvc1947f#693.419#693.79
179	тему	тема	NOUN	_	Animacy=Inan|Case=Acc|Gender=Fem|Number=Sing	_	_	_	@tvc1947f-words#@tvc1947f#693.79#694.161
180	есть	быть	VERB	_	Aspect=Imp|Mood=Ind|Number=Sing|Person=3|Tense=Pres|VerbForm=Fin|Voice=Act	_	_	_	@tvc1947f-words#@tvc1947f#694.161#694.532
181	две	два	NUM	_	Animacy=Inan|Case=Acc|Gender=Fem	_	_	_	@tvc1947f-words#@tvc1947f#694.532#694.903
182	такие	такой	DET	_	Case=Acc|Number=Plur	_	_	_	@tvc1947f-words#@tvc1947f#694.903#695.274
183	линии	линия	NOUN	_	Animacy=Inan|Case=Acc|Gender=Fem|Number=Plur	_	_	_	@tvc1947f-words#@tvc1947f#695.274#695.645
184	основных	основной	ADJ	_	Animacy=Anim|Case=Acc|Degree=Pos|Number=Plur	_	_	_	@tvc1947f-words#@tvc1947f#695.645#696.032
185	одни	один	DET	_	Case=Nom|Degree=Pos|Number=Plur	_	_	_	@tvc1947f-words#@tvc1947f#696.197#696.597
186	эээ	эээ	NOUN	_	Animacy=Inan|Case=Nom|Gender=Neut|Number=Sing	_	_	_	@tvc1947f-words#@tvc1947f#696.597#696.997
187	/	/	PUNCT	_	_	_	_	_	@tvc1947f-words#@tvc1947f#696.997#697.397
188	я	я	PRON	_	Case=Nom|Number=Sing|Person=1	_	_	_	@tvc1947f-words#@tvc1947f#697.397#697.797
189	бы	бы	AUX	_	_	_	_	_	@tvc1947f-words#@tvc1947f#697.797#698.197
190	даже	даже	PART	_	_	_	_	_	@tvc1947f-words#@tvc1947f#698.197#698.597
191	сказала	сказать	VERB	_	Aspect=Perf|Gender=Fem|Mood=Ind|Number=Sing|Tense=Past|VerbForm=Fin|Voice=Act	_	_	_	@tvc1947f-words#@tvc1947f#698.597#698.997
192	начиная	начинать	VERB	_	Aspect=Imp|Tense=Pres|VerbForm=Conv|Voice=Act	_	_	_	@tvc1947f-words#@tvc1947f#698.997#699.397
193	с	с	ADP	_	_	_	_	_	@tvc1947f-words#@tvc1947f#699.397#699.797
194	Дарвина	Дарвин	PROPN	_	Animacy=Anim|Case=Gen|Gender=Masc|Number=Sing	_	_	_	@tvc1947f-words#@tvc1947f#699.797#700.197
195	хотя	хотя	SCONJ	_	_	_	_	_	@tvc1947f-words#@tvc1947f#700.197#700.597
196	он	он	PRON	_	Case=Nom|Gender=Masc|Number=Sing|Person=3	_	_	_	@tvc1947f-words#@tvc1947f#700.597#700.997
197	именно	именно	PART	_	_	_	_	_	@tvc1947f-words#@tvc1947f#700.997#701.397
198	языком-то	языкой-то	DET	_	Case=Loc|Gender=Masc|Number=Sing	_	_	_	@tvc1947f-words#@tvc1947f#701.397#701.797
199	не	не	PART	_	_	_	_	_	@tvc1947f-words#@tvc1947f#701.797#702.197
200	занимался	заниматься	VERB	_	Aspect=Imp|Gender=Masc|Mood=Ind|Number=Sing|Tense=Past|VerbForm=Fin|Voice=Mid	_	_	_	@tvc1947f-words#@tvc1947f#702.197#702.597
201	но	но	CCONJ	_	_	_	_	_	@tvc1947f-words#@tvc1947f#702.597#702.997
202	общее…	общее…	PUNCT	_	_	_	_	_	@tvc1947f-words#@tvc1947f#702.997#703.397
203	э	эра	INTJ	_	_	_	_	_	@tvc1947f-words#@tvc1947f#703.397#703.797
204	общий	общий	ADJ	_	Case=Nom|Degree=Pos|Gender=Masc|Number=Sing	_	_	_	@tvc1947f-words#@tvc1947f#703.797#704.197
205	вектор	вектор	NOUN	_	Animacy=Inan|Case=Nom|Gender=Masc|Number=Sing	_	_	_	@tvc1947f-words#@tvc1947f#704.197#704.597
206	такой	такой	DET	_	Case=Nom|Gender=Masc|Number=Sing	_	_	_	@tvc1947f-words#@tvc1947f#704.597#704.999
207	говорят	говорить	VERB	_	Aspect=Imp|Mood=Ind|Number=Plur|Person=3|Tense=Pres|VerbForm=Fin|Voice=Act	_	_	_	@tvc1947f-words#@tvc1947f#705.208#705.574
208	/	/	PUNCT	_	_	_	_	_	@tvc1947f-words#@tvc1947f#705.574#705.94
209	да	да	PART	_	_	_	_	_	@tvc1947f-words#@tvc1947f#705.94#706.306
210	мы	мы	PRON	_	Case=Nom|Number=Plur|Person=1	_	_	_	@tvc1947f-words#@tvc1947f#706.306#706.672
211	примерно	примерно	ADV	_	Degree=Pos	_	_	_	@tvc1947f-words#@tvc1947f#706.672#707.038
212	такие	такой	DET	_	Case=Acc|Number=Plur	_	_	_	@tvc1947f-words#@tvc1947f#707.038#707.404
213	же	же	PART	_	_	_	_	_	@tvc1947f-words#@tvc1947f#707.404#707.77
214	как	как	SCONJ	_	_	_	_	_	@tvc1947f-words#@tvc1947f#707.77#708.136
215	все	весь	DET	_	Case=Nom|Number=Plur	_	_	_	@tvc1947f-words#@tvc1947f#708.136#708.502
216	остальные	остальной	ADJ	_	Case=Nom|Degree=Pos|Number=Plur	_	_	_	@tvc1947f-words#@tvc1947f#708.502#708.868
217	существа	существо	NOUN	_	Animacy=Inan|Case=Nom|Gender=Neut|Number=Plur	_	_	_	@tvc1947f-words#@tvc1947f#708.868#709.234
218	на	на	ADP	_	_	_	_	_	@tvc1947f-words#@tvc1947f#709.234#709.6
219	земле	земля	NOUN	_	Animacy=Inan|Case=Loc|Gender=Fem|Number=Sing	_	_	_	@tvc1947f-words#@tvc1947f#709.6#709.966
220	только	только	PART	_	_	_	_	_	@tvc1947f-words#@tvc1947f#709.966#710.332
221	намного	намного	ADV	_	Degree=Pos	_	_	_	@tvc1947f-words#@tvc1947f#710.332#710.698
222	умнее	умный	ADJ	_	Degree=Cmp	_	_	_	@tvc1947f-words#@tvc1947f#710.698#711.064
223	и	и	CCONJ	_	_	_	_	_	@tvc1947f-words#@tvc1947f#711.064#711.43
224	намного	намного	ADV	_	Degree=Pos	_	_	_	@tvc1947f-words#@tvc1947f#711.43#711.796
225	/	/	PUNCT	_	_	_	_	_	@tvc1947f-words#@tvc1947f#711.796#712.162
226	быстрее	быстро	ADV	_	Degree=Cmp	_	_	_	@tvc1947f-words#@tvc1947f#712.162#712.528
227	и	и	CCONJ	_	_	_	_	_	@tvc1947f-words#@tvc1947f#712.528#712.894
228	намного	намного	ADV	_	Degree=Pos	_	_	_	@tvc1947f-words#@tvc1947f#712.894#713.26
229	более	более	ADV	_	Degree=Cmp	_	_	_	@tvc1947f-words#@tvc1947f#713.26#713.626
230	эффективны	эффективный	ADJ	_	Degree=Pos|Number=Plur|Variant=Short	_	_	_	@tvc1947f-words#@tvc1947f#713.626#713.992
231	/	/	PUNCT	_	_	_	_	_	@tvc1947f-words#@tvc1947f#713.992#714.358
232	то	то	PRON	_	Animacy=Inan|Case=Nom|Gender=Neut|Number=Sing	_	_	_	@tvc1947f-words#@tvc1947f#714.358#714.724
233	есть	быть	VERB	_	Aspect=Imp|Mood=Ind|Number=Sing|Person=3|Tense=Pres|VerbForm=Fin|Voice=Act	_	_	_	@tvc1947f-words#@tvc1947f#714.724#715.09
234	вопрос	вопрос	NOUN	_	Animacy=Inan|Case=Nom|Gender=Masc|Number=Sing	_	_	_	@tvc1947f-words#@tvc1947f#715.09#715.456
235	в	в	ADP	_	_	_	_	_	@tvc1947f-words#@tvc1947f#715.456#715.822
236	степени	степень	NOUN	_	Animacy=Inan|Case=Loc|Gender=Fem|Number=Sing	_	_	_	@tvc1947f-words#@tvc1947f#715.822#716.208
237	а	а	CCONJ	_	_	_	_	_	@tvc1947f-words#@tvc1947f#716.615#716.78
238	есть	быть	VERB	_	Aspect=Imp|Mood=Ind|Number=Plur|Person=3|Tense=Pres|VerbForm=Fin|Voice=Act	_	_	_	@tvc1947f-words#@tvc1947f#716.78#717.14
239	другие	другой	ADJ	_	Case=Nom|Degree=Pos|Number=Plur	_	_	_	@tvc1947f-words#@tvc1947f#717.14#717.632
240	/	/	PUNCT	_	_	_	_	_	@tvc1947f-words#@tvc1947f#717.632#717.82
241	и	и	CCONJ	_	_	_	_	_	@tvc1947f-words#@tvc1947f#717.82#718.07
242	это	это	PRON	_	Animacy=Inan|Case=Nom|Gender=Neut|Number=Sing	_	_	_	@tvc1947f-words#@tvc1947f#718.07#718.35
243	ваш	ваш	DET	_	Case=Nom|Gender=Masc|Number=Sing	_	_	_	@tvc1947f-words#@tvc1947f#718.35#718.707
244	любимый	любимый	VERB	_	Aspect=Imp|Case=Nom|Gender=Masc|Number=Sing|Tense=Pres|VerbForm=Part|Voice=Pass	_	_	_	@tvc1947f-words#@tvc1947f#718.707#719.064
245	Чомски	Чомска	ADV	_	Degree=Pos	_	_	_	@tvc1947f-words#@tvc1947f#719.064#719.421
246	или	или	CCONJ	_	_	_	_	_	@tvc1947f-words#@tvc1947f#719.421#719.7
247	в	в	ADP	_	_	_	_	_	@tvc1947f-words#@tvc1947f#719.7#719.9
248	русской	русский	ADJ	_	Case=Loc|Degree=Pos|Gender=Fem|Number=Sing	_	_	_	@tvc1947f-words#@tvc1947f#719.9#720.426
249	традиции	традиция	NOUN	_	Animacy=Inan|Case=Loc|Gender=Fem|Number=Sing	_	_	_	@tvc1947f-words#@tvc1947f#720.426#721.01
250	Хомский	Хомский	PROPN	_	_	_	_	_	@tvc1947f-words#@tvc1947f#721.01#721.4
251	/	/	PUNCT	_	_	_	_	_	@tvc1947f-words#@tvc1947f#721.4#721.516
252	которые	который	PRON	_	Case=Nom	_	_	_	@tvc1947f-words#@tvc1947f#721.516#721.88
253	говорят	говорить	VERB	_	Aspect=Imp|Mood=Ind|Number=Plur|Person=3|Tense=Pres|VerbForm=Fin|Voice=Act	_	_	_	@tvc1947f-words#@tvc1947f#721.88#722.244
254	нет	нет	VERB	_	Aspect=Imp|Mood=Ind|Number=Sing|Person=3|Tense=Pres|VerbForm=Fin|Voice=Act	_	_	_	@tvc1947f-words#@tvc1947f#722.244#722.608
255	/	/	PUNCT	_	_	_	_	_	@tvc1947f-words#@tvc1947f#722.608#722.972
256	это	это	PRON	_	Animacy=Inan|Case=Nom|Gender=Neut|Number=Sing	_	_	_	@tvc1947f-words#@tvc1947f#722.972#723.336
257	вообще	вообще	ADV	_	Degree=Pos	_	_	_	@tvc1947f-words#@tvc1947f#723.336#723.7
258	другая	другой	ADJ	_	Case=Nom|Degree=Pos|Gender=Fem|Number=Sing	_	_	_	@tvc1947f-words#@tvc1947f#723.7#724.064
259	история	история	NOUN	_	Animacy=Inan|Case=Nom|Gender=Fem|Number=Sing	_	_	_	@tvc1947f-words#@tvc1947f#724.064#724.428
260	э	эра	NOUN	_	Animacy=Inan|Case=Gen|Gender=Fem|Number=Sing	_	_	_	@tvc1947f-words#@tvc1947f#724.812#725.174
261	мм	миллиметр	ADJ	_	Case=Gen|Degree=Pos|Gender=Fem|Number=Sing	_	_	_	@tvc1947f-words#@tvc1947f#725.174#725.536
262	дело	дело	NOUN	_	Animacy=Inan|Case=Nom|Gender=Neut|Number=Sing	_	_	_	@tvc1947f-words#@tvc1947f#725.536#725.898
263	не	не	PART	_	_	_	_	_	@tvc1947f-words#@tvc1947f#725.898#726.26
264	в	в	ADP	_	_	_	_	_	@tvc1947f-words#@tvc1947f#726.26#726.622
265	том	то	PRON	_	Animacy=Inan|Case=Loc|Gender=Neut|Number=Sing	_	_	_	@tvc1947f-words#@tvc1947f#726.622#726.984
266	что	что	SCONJ	_	_	_	_	_	@tvc1947f-words#@tvc1947f#726.984#727.346
267	мы	мы	PRON	_	Case=Nom|Number=Plur|Person=1	_	_	_	@tvc1947f-words#@tvc1947f#727.346#727.708
268	умнее	умный	ADJ	_	Degree=Cmp	_	_	_	@tvc1947f-words#@tvc1947f#727.708#728.07
269	и	и	CCONJ	_	_	_	_	_	@tvc1947f-words#@tvc1947f#728.07#728.432
270	быстрее	быстро	ADV	_	Degree=Cmp	_	_	_	@tvc1947f-words#@tvc1947f#728.432#728.794
271	и	и	CCONJ	_	_	_	_	_	@tvc1947f-words#@tvc1947f#728.794#729.156
272	эффективнее	эффективно	ADV	_	Degree=Cmp	_	_	_	@tvc1947f-words#@tvc1947f#729.156#729.518
273	/	/	PUNCT	_	_	_	_	_	@tvc1947f-words#@tvc1947f#729.518#729.88
274	а	а	CCONJ	_	_	_	_	_	@tvc1947f-words#@tvc1947f#729.88#730.242
275	дело	дело	NOUN	_	Animacy=Inan|Case=Nom|Gender=Neut|Number=Sing	_	_	_	@tvc1947f-words#@tvc1947f#730.242#730.604
276	в	в	ADP	_	_	_	_	_	@tvc1947f-words#@tvc1947f#730.604#730.966
277	том	то	PRON	_	Animacy=Inan|Case=Loc|Gender=Neut|Number=Sing	_	_	_	@tvc1947f-words#@tvc1947f#730.966#731.328
278	что	что	PRON	_	Case=Nom	_	_	_	@tvc1947f-words#@tvc1947f#731.328#731.69
279	/	/	PUNCT	_	_	_	_	_	@tvc1947f-words#@tvc1947f#731.69#732.052
280	нам	мы	PRON	_	Case=Dat|Number=Plur|Person=1	_	_	_	@tvc1947f-words#@tvc1947f#732.052#732.414
281	аа	ао	NOUN	_	Animacy=Inan|Case=Gen|Gender=Masc|Number=Sing	_	_	_	@tvc1947f-words#@tvc1947f#732.414#732.776
282	/	/	PUNCT	_	_	_	_	_	@tvc1947f-words#@tvc1947f#732.776#733.138
283	неведомыми	неведомый	ADJ	_	Case=Ins|Degree=Pos|Number=Plur	_	_	_	@tvc1947f-words#@tvc1947f#733.138#733.5
284	способами	способ	NOUN	_	Animacy=Inan|Case=Ins|Gender=Masc|Number=Plur	_	_	_	@tvc1947f-words#@tvc1947f#733.5#733.862
285	#вздох#	#вздох#	NOUN	_	Animacy=Inan|Case=Gen|Gender=Fem|Number=Sing	_	_	_	@tvc1947f-words#@tvc1947f#733.862#734.224
286	/	/	PUNCT	_	_	_	_	_	@tvc1947f-words#@tvc1947f#734.224#734.586
287	дан	дан	VERB	_	Aspect=Perf|Gender=Masc|Number=Sing|Tense=Past|Variant=Short|VerbForm=Part|Voice=Pass	_	_	_	@tvc1947f-words#@tvc1947f#734.586#734.948
288	инструмент	инструмент	NOUN	_	Animacy=Inan|Case=Nom|Gender=Masc|Number=Sing	_	_	_	@tvc1947f-words#@tvc1947f#734.948#735.31
289	и	и	CCONJ	_	_	_	_	_	@tvc1947f-words#@tvc1947f#735.31#735.672
290	это	это	PRON	_	Animacy=Inan|Case=Nom|Gender=Neut|Number=Sing	_	_	_	@tvc1947f-words#@tvc1947f#735.672#736.034
291	человеческий	человеческий	ADJ	_	Case=Nom|Degree=Pos|Gender=Masc|Number=Sing	_	_	_	@tvc1947f-words#@tvc1947f#736.034#736.396
292	язык	язык	NOUN	_	Animacy=Inan|Case=Nom|Gender=Masc|Number=Sing	_	_	_	@tvc1947f-words#@tvc1947f#736.396#736.758
293	/	/	PUNCT	_	_	_	_	_	@tvc1947f-words#@tvc1947f#736.758#737.12
294	который	который	PRON	_	Case=Nom	_	_	_	@tvc1947f-words#@tvc1947f#737.12#737.482
295	вообще	вообще	ADV	_	Degree=Pos	_	_	_	@tvc1947f-words#@tvc1947f#737.482#737.844
296	иначе	иначе	ADV	_	Degree=Pos	_	_	_	@tvc1947f-words#@tvc1947f#737.844#738.206
297	устроен	устроить	VERB	_	Aspect=Perf|Gender=Masc|Number=Sing|Tense=Past|Variant=Short|VerbForm=Part|Voice=Pass	_	_	_	@tvc1947f-words#@tvc1947f#738.206#738.568
298	и	и	CCONJ	_	_	_	_	_	@tvc1947f-words#@tvc1947f#738.568#738.93
299	обслуживает	обслуживать	VERB	_	Aspect=Imp|Mood=Ind|Number=Sing|Person=3|Tense=Pres|VerbForm=Fin|Voice=Act	_	_	_	@tvc1947f-words#@tvc1947f#738.93#739.292
300	совсем	совсем	ADV	_	Degree=Pos	_	_	_	@tvc1947f-words#@tvc1947f#739.292#739.654
301	другие	другой	ADJ	_	Animacy=Inan|Case=Acc|Degree=Pos|Number=Plur	_	_	_	@tvc1947f-words#@tvc1947f#739.654#740.016
302	вещи	вещь	NOUN	_	Animacy=Inan|Case=Acc|Gender=Fem|Number=Plur	_	_	_	@tvc1947f-words#@tvc1947f#740.016#740.378
303	/	/	PUNCT	_	_	_	_	_	@tvc1947f-words#@tvc1947f#740.378#740.74
304	не	не	PART	_	_	_	_	_	@tvc1947f-words#@tvc1947f#740.74#741.102
305	только	только	PART	_	_	_	_	_	@tvc1947f-words#@tvc1947f#741.102#741.464
306	коммуникацию	коммуникация	NOUN	_	Animacy=Inan|Case=Acc|Gender=Fem|Number=Sing	_	_	_	@tvc1947f-words#@tvc1947f#741.464#741.826
307	/	/	PUNCT	_	_	_	_	_	@tvc1947f-words#@tvc1947f#741.826#742.188
308	вот	вот	PART	_	_	_	_	_	@tvc1947f-words#@tvc1947f#742.188#742.55
309	это	это	PRON	_	Animacy=Inan|Case=Nom|Gender=Neut|Number=Sing	_	_	_	@tvc1947f-words#@tvc1947f#742.55#742.912
310	кстати	кстати	ADV	_	Degree=Pos	_	_	_	@tvc1947f-words#@tvc1947f#742.912#743.274
311	очень	очень	ADV	_	Degree=Pos	_	_	_	@tvc1947f-words#@tvc1947f#743.274#743.636
312	важная	важный	ADJ	_	Case=Nom|Degree=Pos|Gender=Fem|Number=Sing	_	_	_	@tvc1947f-words#@tvc1947f#743.636#743.998
313	вещь	вещь	NOUN	_	Animacy=Inan|Case=Nom|Gender=Fem|Number=Sing	_	_	_	@tvc1947f-words#@tvc1947f#743.998#744.406
314	аа	ао	NOUN	_	Animacy=Inan|Case=Gen|Gender=Masc|Number=Sing	_	_	_	@tvc1947f-words#@tvc1947f#745.197#745.587
315	Хомский	Хомский	PROPN	_	_	_	_	_	@tvc1947f-words#@tvc1947f#745.587#745.977
316	/	/	PUNCT	_	_	_	_	_	@tvc1947f-words#@tvc1947f#745.977#746.367
317	вообще	вообще	ADV	_	Degree=Pos	_	_	_	@tvc1947f-words#@tvc1947f#746.367#746.757
318	ну	ну	PART	_	_	_	_	_	@tvc1947f-words#@tvc1947f#746.757#747.147
319	он	он	PRON	_	Case=Nom|Gender=Masc|Number=Sing|Person=3	_	_	_	@tvc1947f-words#@tvc1947f#747.147#747.537
320	эк...	эк...	PROPN	_	Animacy=Anim|Case=Ins|Gender=Fem|Number=Sing	_	_	_	@tvc1947f-words#@tvc1947f#747.537#747.927
321	экстремальный	экстремальный	ADJ	_	Case=Nom|Degree=Pos|Gender=Masc|Number=Sing	_	_	_	@tvc1947f-words#@tvc1947f#747.927#748.317
322	такой	такой	DET	_	Case=Nom|Gender=Masc|Number=Sing	_	_	_	@tvc1947f-words#@tvc1947f#748.317#748.707
323	человек	человек	NOUN	_	Animacy=Anim|Case=Nom|Gender=Masc|Number=Sing	_	_	_	@tvc1947f-words#@tvc1947f#748.707#749.097
324	поэтому	поэтому	ADV	_	Degree=Pos	_	_	_	@tvc1947f-words#@tvc1947f#749.097#749.487
325	он	он	PRON	_	Case=Nom|Gender=Masc|Number=Sing|Person=3	_	_	_	@tvc1947f-words#@tvc1947f#749.487#749.877
326	говорит	говорить	VERB	_	Aspect=Imp|Mood=Ind|Number=Sing|Person=3|Tense=Pres|VerbForm=Fin|Voice=Act	_	_	_	@tvc1947f-words#@tvc1947f#749.877#750.267
327	очень	очень	ADV	_	Degree=Pos	_	_	_	@tvc1947f-words#@tvc1947f#750.267#750.657
328	так	так	ADV	_	Degree=Pos	_	_	_	@tvc1947f-words#@tvc1947f#750.657#751.047
329	жестко	жестко	ADV	_	Degree=Pos	_	_	_	@tvc1947f-words#@tvc1947f#751.047#751.45
330	он	он	PRON	_	Case=Nom|Gender=Masc|Number=Sing|Person=3	_	_	_	@tvc1947f-words#@tvc1947f#751.813#752.235
331	говорит	говорить	VERB	_	Aspect=Imp|Mood=Ind|Number=Sing|Person=3|Tense=Pres|VerbForm=Fin|Voice=Act	_	_	_	@tvc1947f-words#@tvc1947f#752.235#752.657
332	следующим	следующий	ADJ	_	Case=Ins|Degree=Pos|Gender=Masc|Number=Sing	_	_	_	@tvc1947f-words#@tvc1947f#752.657#753.079
333	образом	образ	NOUN	_	Animacy=Inan|Case=Ins|Gender=Masc|Number=Sing	_	_	_	@tvc1947f-words#@tvc1947f#753.079#753.501
334	/	/	PUNCT	_	_	_	_	_	@tvc1947f-words#@tvc1947f#753.501#753.923
335	язык	язык	NOUN	_	Animacy=Inan|Case=Nom|Gender=Masc|Number=Sing	_	_	_	@tvc1947f-words#@tvc1947f#753.923#754.345
336	ээ	ээ	NOUN	_	Animacy=Inan|Case=Gen|Gender=Fem|Number=Sing	_	_	_	@tvc1947f-words#@tvc1947f#754.345#754.767
337	был	быть	AUX	_	Aspect=Imp|Gender=Masc|Mood=Ind|Number=Sing|Tense=Past|VerbForm=Fin|Voice=Act	_	_	_	@tvc1947f-words#@tvc1947f#754.767#755.189
338	создан	создать	VERB	_	Aspect=Perf|Gender=Masc|Number=Sing|Tense=Past|Variant=Short|VerbForm=Part|Voice=Pass	_	_	_	@tvc1947f-words#@tvc1947f#755.189#755.611
339	или	или	CCONJ	_	_	_	_	_	@tvc1947f-words#@tvc1947f#755.611#756.033
340	образовался	образовываться	VERB	_	Aspect=Perf|Gender=Masc|Mood=Ind|Number=Sing|Tense=Past|VerbForm=Fin|Voice=Mid	_	_	_	@tvc1947f-words#@tvc1947f#756.033#756.455
341	это	это	PRON	_	Animacy=Inan|Case=Acc|Gender=Neut|Number=Sing	_	_	_	@tvc1947f-words#@tvc1947f#756.455#756.877
342	я	я	PRON	_	Case=Nom|Number=Sing|Person=1	_	_	_	@tvc1947f-words#@tvc1947f#756.877#757.299
343	не	не	PART	_	_	_	_	_	@tvc1947f-words#@tvc1947f#757.299#757.721
344	настаиваю	настаивать	VERB	_	Aspect=Imp|Mood=Ind|Number=Sing|Person=1|Tense=Pres|VerbForm=Fin|Voice=Act	_	_	_	@tvc1947f-words#@tvc1947f#757.721#758.143
345	на	на	ADP	_	_	_	_	_	@tvc1947f-words#@tvc1947f#758.143#758.565
346	формулировке	формулировка	NOUN	_	Animacy=Inan|Case=Loc|Gender=Fem|Number=Sing	_	_	_	@tvc1947f-words#@tvc1947f#758.565#758.987
347	/	/	PUNCT	_	_	_	_	_	@tvc1947f-words#@tvc1947f#758.987#759.409
348	ээ	ээ	INTJ	_	_	_	_	_	@tvc1947f-words#@tvc1947f#759.409#759.831
349	вовсе	вовсе	ADV	_	Degree=Pos	_	_	_	@tvc1947f-words#@tvc1947f#759.831#760.253
350	не	не	PART	_	_	_	_	_	@tvc1947f-words#@tvc1947f#760.253#760.675
351	как	как	SCONJ	_	_	_	_	_	@tvc1947f-words#@tvc1947f#760.675#761.097
352	средство	средство	NOUN	_	Animacy=Inan|Case=Acc|Gender=Neut|Number=Sing	_	_	_	@tvc1947f-words#@tvc1947f#761.097#761.519
353	коммуникации	коммуникация	NOUN	_	Animacy=Inan|Case=Gen|Gender=Fem|Number=Sing	_	_	_	@tvc1947f-words#@tvc1947f#761.519#761.941
354	/	/	PUNCT	_	_	_	_	_	@tvc1947f-words#@tvc1947f#761.941#762.363
355	а	а	CCONJ	_	_	_	_	_	@tvc1947f-words#@tvc1947f#762.363#762.785
356	для	для	ADP	_	_	_	_	_	@tvc1947f-words#@tvc1947f#762.785#763.207
357	мышления	мышление	NOUN	_	Animacy=Inan|Case=Gen|Gender=Neut|Number=Sing	_	_	_	@tvc1947f-words#@tvc1947f#763.207#763.648
358	как	как	SCONJ	_	_	_	_	_	@tvc1947f-words#@tvc1947f#763.999#764.361
359	средство	средство	NOUN	_	Animacy=Inan|Case=Acc|Gender=Neut|Number=Sing	_	_	_	@tvc1947f-words#@tvc1947f#764.361#764.723
360	коммуникации	коммуникация	NOUN	_	Animacy=Inan|Case=Gen|Gender=Fem|Number=Sing	_	_	_	@tvc1947f-words#@tvc1947f#764.723#765.085
361	язык	язык	NOUN	_	Animacy=Inan|Case=Gen|Gender=Fem|Number=Plur	_	_	_	@tvc1947f-words#@tvc1947f#765.085#765.447
362	не	не	PART	_	_	_	_	_	@tvc1947f-words#@tvc1947f#765.447#765.809
363	очень	очень	ADV	_	Degree=Pos	_	_	_	@tvc1947f-words#@tvc1947f#765.809#766.171
364	хорош	хороший	ADJ	_	Degree=Pos|Gender=Masc|Number=Sing|Variant=Short	_	_	_	@tvc1947f-words#@tvc1947f#766.171#766.533
365	/	/	PUNCT	_	_	_	_	_	@tvc1947f-words#@tvc1947f#766.533#766.895
366	вот	вот	PART	_	_	_	_	_	@tvc1947f-words#@tvc1947f#766.895#767.257
367	тут	тут	ADV	_	Degree=Pos	_	_	_	@tvc1947f-words#@tvc1947f#767.257#767.619
368	он	он	PRON	_	Case=Nom|Gender=Masc|Number=Sing|Person=3	_	_	_	@tvc1947f-words#@tvc1947f#767.619#767.981
369	между	между	ADP	_	_	_	_	_	@tvc1947f-words#@tvc1947f#767.981#768.343
370	прочим	прочее	PRON	_	Animacy=Inan|Case=Ins|Gender=Neut|Number=Sing	_	_	_	@tvc1947f-words#@tvc1947f#768.343#768.705
371	/	/	PUNCT	_	_	_	_	_	@tvc1947f-words#@tvc1947f#768.705#769.067
372	попал	попасть	VERB	_	Aspect=Perf|Gender=Masc|Mood=Ind|Number=Sing|Tense=Past|VerbForm=Fin|Voice=Act	_	_	_	@tvc1947f-words#@tvc1947f#769.067#769.429
373	снайперски	снайперски	NOUN	_	Animacy=Inan|Case=Acc|Gender=Masc|Number=Plur	_	_	_	@tvc1947f-words#@tvc1947f#769.429#769.791
374	в	в	ADP	_	_	_	_	_	@tvc1947f-words#@tvc1947f#769.791#770.153
375	цель	цель	NOUN	_	Animacy=Inan|Case=Acc|Gender=Fem|Number=Sing	_	_	_	@tvc1947f-words#@tvc1947f#770.153#770.527
376	потому	потому	ADV	_	Degree=Pos	_	_	_	@tvc1947f-words#@tvc1947f#770.956#771.288
377	что	что	SCONJ	_	_	_	_	_	@tvc1947f-words#@tvc1947f#771.288#771.62
378	/	/	PUNCT	_	_	_	_	_	@tvc1947f-words#@tvc1947f#771.62#771.952
379	лучше	хороший	ADV	_	Degree=Cmp	_	_	_	@tvc1947f-words#@tvc1947f#771.952#772.284
380	всего	все	PRON	_	Animacy=Inan|Case=Gen|Gender=Neut|Number=Sing	_	_	_	@tvc1947f-words#@tvc1947f#772.284#772.616
381	для	для	ADP	_	_	_	_	_	@tvc1947f-words#@tvc1947f#772.616#772.948
382	коммуникации	коммуникация	NOUN	_	Animacy=Inan|Case=Gen|Gender=Fem|Number=Sing	_	_	_	@tvc1947f-words#@tvc1947f#772.948#773.28
383	азбука	азбука	NOUN	_	Animacy=Inan|Case=Gen|Gender=Masc|Number=Sing	_	_	_	@tvc1947f-words#@tvc1947f#773.28#773.612
384	морзе	морз	NOUN	_	Animacy=Anim|Case=Gen|Gender=Masc|Number=Sing	_	_	_	@tvc1947f-words#@tvc1947f#773.612#773.944
385	/	/	PUNCT	_	_	_	_	_	@tvc1947f-words#@tvc1947f#773.944#774.276
386	вот	вот	PART	_	_	_	_	_	@tvc1947f-words#@tvc1947f#774.276#774.608
387	как	как	ADV	_	Degree=Pos	_	_	_	@tvc1947f-words#@tvc1947f#774.608#774.94
388	здесь	здесь	ADV	_	Degree=Pos	_	_	_	@tvc1947f-words#@tvc1947f#774.94#775.272
389	#стучит#	#стучит#	NOUN	_	Animacy=Inan|Case=Gen|Gender=Fem|Number=Sing	_	_	_	@tvc1947f-words#@tvc1947f#775.272#775.604
390	отстучал/	отстучал/	PUNCT	_	_	_	_	_	@tvc1947f-words#@tvc1947f#775.604#775.936
391	#стучит#	#стучит#	NOUN	_	Animacy=Inan|Case=Gen|Gender=Fem|Number=Sing	_	_	_	@tvc1947f-words#@tvc1947f#775.936#776.268
392	так	так	ADV	_	Degree=Pos	_	_	_	@tvc1947f-words#@tvc1947f#776.268#776.6
393	здесь	здесь	ADV	_	Degree=Pos	_	_	_	@tvc1947f-words#@tvc1947f#776.6#776.932
394	же	же	PART	_	_	_	_	_	@tvc1947f-words#@tvc1947f#776.932#777.264
395	и	и	PART	_	_	_	_	_	@tvc1947f-words#@tvc1947f#777.264#777.596
396	получил	получить	VERB	_	Aspect=Perf|Gender=Masc|Mood=Ind|Number=Sing|Tense=Past|VerbForm=Fin|Voice=Act	_	_	_	@tvc1947f-words#@tvc1947f#777.596#777.928
397	/	/	PUNCT	_	_	_	_	_	@tvc1947f-words#@tvc1947f#777.928#778.26
398	однозначный	однозначный	ADJ	_	Case=Nom|Degree=Pos|Gender=Masc|Number=Sing	_	_	_	@tvc1947f-words#@tvc1947f#778.26#778.592
399	сигнал	сигнал	NOUN	_	Animacy=Inan|Case=Nom|Gender=Masc|Number=Sing	_	_	_	@tvc1947f-words#@tvc1947f#778.592#778.944
400	нет	нет	VERB	_	Aspect=Imp|Mood=Ind|Number=Sing|Person=3|Tense=Pres|VerbForm=Fin|Voice=Act	_	_	_	@tvc1947f-words#@tvc1947f#780.208#780.779
401	толкования	толкование	NOUN	_	Animacy=Inan|Case=Gen|Gender=Neut|Number=Sing	_	_	_	@tvc1947f-words#@tvc1947f#780.779#781.351
402	наш	наш	DET	_	Case=Acc|Gender=Masc|Number=Sing	_	_	_	@tvc1947f-words#@tvc1947f#781.615#781.917
403	язык	язык	NOUN	_	Animacy=Inan|Case=Acc|Gender=Masc|Number=Sing	_	_	_	@tvc1947f-words#@tvc1947f#781.917#782.219
404	тем-то	тей-то	DET	_	Case=Loc|Gender=Masc|Number=Sing	_	_	_	@tvc1947f-words#@tvc1947f#782.219#782.521
405	ии	ия	NOUN	_	Animacy=Inan|Case=Gen|Gender=Fem|Number=Sing	_	_	_	@tvc1947f-words#@tvc1947f#782.521#782.823
406	э	эра	INTJ	_	_	_	_	_	@tvc1947f-words#@tvc1947f#782.823#783.125
407	уникален	уникальный	ADJ	_	Degree=Pos|Gender=Masc|Number=Sing|Variant=Short	_	_	_	@tvc1947f-words#@tvc1947f#783.125#783.427
408	невероятен	невероятно	ADJ	_	Degree=Pos|Gender=Masc|Number=Sing|Variant=Short	_	_	_	@tvc1947f-words#@tvc1947f#783.427#783.729
409	/	/	PUNCT	_	_	_	_	_	@tvc1947f-words#@tvc1947f#783.729#784.031
410	помимо	помимо	ADP	_	_	_	_	_	@tvc1947f-words#@tvc1947f#784.031#784.333
411	того	то	PRON	_	Animacy=Inan|Case=Gen|Gender=Neut|Number=Sing	_	_	_	@tvc1947f-words#@tvc1947f#784.333#784.635
412	что	что	SCONJ	_	_	_	_	_	@tvc1947f-words#@tvc1947f#784.635#784.937
413	я	я	PRON	_	Case=Nom|Number=Sing|Person=1	_	_	_	@tvc1947f-words#@tvc1947f#784.937#785.239
414	еще	еще	ADV	_	Degree=Pos	_	_	_	@tvc1947f-words#@tvc1947f#785.239#785.541
415	дальше	далее	ADV	_	Degree=Cmp	_	_	_	@tvc1947f-words#@tvc1947f#785.541#785.843
416	скажу	сказать	VERB	_	Aspect=Perf|Mood=Ind|Number=Sing|Person=1|Tense=Fut|VerbForm=Fin|Voice=Act	_	_	_	@tvc1947f-words#@tvc1947f#785.843#786.145
417	/	/	PUNCT	_	_	_	_	_	@tvc1947f-words#@tvc1947f#786.145#786.447
418	что	что	SCONJ	_	_	_	_	_	@tvc1947f-words#@tvc1947f#786.447#786.749
419	все	все	PRON	_	Animacy=Inan|Case=Nom|Gender=Neut|Number=Sing	_	_	_	@tvc1947f-words#@tvc1947f#786.749#787.051
420	зависит	зависеть	VERB	_	Aspect=Imp|Mood=Ind|Number=Sing|Person=3|Tense=Pres|VerbForm=Fin|Voice=Act	_	_	_	@tvc1947f-words#@tvc1947f#787.051#787.353
421	от	от	ADP	_	_	_	_	_	@tvc1947f-words#@tvc1947f#787.353#787.655
422	того	то	PRON	_	Animacy=Inan|Case=Gen|Gender=Neut|Number=Sing	_	_	_	@tvc1947f-words#@tvc1947f#787.655#787.957
423	/	/	PUNCT	_	_	_	_	_	@tvc1947f-words#@tvc1947f#787.957#788.259
424	кто	кто	PRON	_	Case=Nom	_	_	_	@tvc1947f-words#@tvc1947f#788.259#788.561
425	говорит	говорить	VERB	_	Aspect=Imp|Mood=Ind|Number=Sing|Person=3|Tense=Pres|VerbForm=Fin|Voice=Act	_	_	_	@tvc1947f-words#@tvc1947f#788.561#788.863
426	/	/	PUNCT	_	_	_	_	_	@tvc1947f-words#@tvc1947f#788.863#789.165
427	кому	кто	PRON	_	Case=Dat	_	_	_	@tvc1947f-words#@tvc1947f#789.165#789.467
428	говорит	говорить	VERB	_	Aspect=Imp|Mood=Ind|Number=Sing|Person=3|Tense=Pres|VerbForm=Fin|Voice=Act	_	_	_	@tvc1947f-words#@tvc1947f#789.467#789.769
429	/	/	PUNCT	_	_	_	_	_	@tvc1947f-words#@tvc1947f#789.769#790.071
430	когда	когда	SCONJ	_	_	_	_	_	@tvc1947f-words#@tvc1947f#790.071#790.373
431	говорит	говорить	VERB	_	Aspect=Imp|Mood=Ind|Number=Sing|Person=3|Tense=Pres|VerbForm=Fin|Voice=Act	_	_	_	@tvc1947f-words#@tvc1947f#790.373#790.675
432	/	/	PUNCT	_	_	_	_	_	@tvc1947f-words#@tvc1947f#790.675#790.977
433	что	что	SCONJ	_	_	_	_	_	@tvc1947f-words#@tvc1947f#790.977#791.279
434	они	они	PRON	_	Case=Nom|Number=Plur|Person=3	_	_	_	@tvc1947f-words#@tvc1947f#791.279#791.581
435	оба	оба	NUM	_	Case=Nom|Gender=Masc	_	_	_	@tvc1947f-words#@tvc1947f#791.581#791.883
436	прочли	прочесть	VERB	_	Aspect=Perf|Mood=Ind|Number=Plur|Tense=Past|VerbForm=Fin|Voice=Act	_	_	_	@tvc1947f-words#@tvc1947f#791.883#792.185
437	/	/	PUNCT	_	_	_	_	_	@tvc1947f-words#@tvc1947f#792.185#792.487
438	как	как	SCONJ	_	_	_	_	_	@tvc1947f-words#@tvc1947f#792.487#792.789
439	они	они	PRON	_	Case=Nom|Number=Plur|Person=3	_	_	_	@tvc1947f-words#@tvc1947f#792.789#793.091
440	относятся	относиться	VERB	_	Aspect=Imp|Mood=Ind|Number=Plur|Person=3|Tense=Pres|VerbForm=Fin|Voice=Mid	_	_	_	@tvc1947f-words#@tvc1947f#793.091#793.393
441	к	к	ADP	_	_	_	_	_	@tvc1947f-words#@tvc1947f#793.393#793.695
442	друг	друг	NOUN	_	Animacy=Anim|Case=Nom|Gender=Masc|Number=Sing	_	_	_	@tvc1947f-words#@tvc1947f#793.695#793.997
443	другу	друг	NOUN	_	Animacy=Anim|Case=Dat|Gender=Masc|Number=Sing	_	_	_	@tvc1947f-words#@tvc1947f#793.997#794.299
444	/	/	PUNCT	_	_	_	_	_	@tvc1947f-words#@tvc1947f#794.299#794.601
445	среда	среда	NOUN	_	Animacy=Inan|Case=Nom|Gender=Fem|Number=Sing	_	_	_	@tvc1947f-words#@tvc1947f#794.601#794.903
446	это	это	PRON	_	Animacy=Inan|Case=Nom|Gender=Neut|Number=Sing	_	_	_	@tvc1947f-words#@tvc1947f#794.903#795.205
447	или	или	CCONJ	_	_	_	_	_	@tvc1947f-words#@tvc1947f#795.205#795.507
448	пятница	пятница	NOUN	_	Animacy=Inan|Case=Nom|Gender=Fem|Number=Sing	_	_	_	@tvc1947f-words#@tvc1947f#795.507#795.809
449	/	/	PUNCT	_	_	_	_	_	@tvc1947f-words#@tvc1947f#795.809#796.111
450	говорим	говорить	VERB	_	Aspect=Imp|Mood=Ind|Number=Plur|Person=1|Tense=Pres|VerbForm=Fin|Voice=Act	_	_	_	@tvc1947f-words#@tvc1947f#796.111#796.413
451	мы	мы	PRON	_	Case=Nom|Number=Plur|Person=1	_	_	_	@tvc1947f-words#@tvc1947f#796.413#796.715
452	в	в	ADP	_	_	_	_	_	@tvc1947f-words#@tvc1947f#796.715#797.017
453	шутку	шутка	NOUN	_	Animacy=Inan|Case=Acc|Gender=Fem|Number=Sing	_	_	_	@tvc1947f-words#@tvc1947f#797.017#797.319
454	или	или	CCONJ	_	_	_	_	_	@tvc1947f-words#@tvc1947f#797.319#797.621
455	серьезно	серьезно	ADV	_	Degree=Pos	_	_	_	@tvc1947f-words#@tvc1947f#797.621#797.923
456	/	/	PUNCT	_	_	_	_	_	@tvc1947f-words#@tvc1947f#797.923#798.225
457	иронизируем	иронизировать	VERB	_	Aspect=Imp|Mood=Ind|Number=Plur|Person=1|Tense=Pres|VerbForm=Fin|Voice=Act	_	_	_	@tvc1947f-words#@tvc1947f#798.225#798.527
458	ли	ли	PART	_	_	_	_	_	@tvc1947f-words#@tvc1947f#798.527#798.829
459	мы	мы	PRON	_	Case=Nom|Number=Plur|Person=1	_	_	_	@tvc1947f-words#@tvc1947f#798.829#799.131
460	/	/	PUNCT	_	_	_	_	_	@tvc1947f-words#@tvc1947f#799.131#799.433
461	каков	каков	ADJ	_	Degree=Pos|Gender=Masc|Number=Sing|Variant=Short	_	_	_	@tvc1947f-words#@tvc1947f#799.433#799.735
462	наш	наш	DET	_	Case=Nom|Gender=Masc|Number=Sing	_	_	_	@tvc1947f-words#@tvc1947f#799.735#800.037
463	общий	общий	ADJ	_	Case=Nom|Degree=Pos|Gender=Masc|Number=Sing	_	_	_	@tvc1947f-words#@tvc1947f#800.037#800.339
464	багаж	багаж	NOUN	_	Animacy=Inan|Case=Nom|Gender=Masc|Number=Sing	_	_	_	@tvc1947f-words#@tvc1947f#800.339#800.641
465	/	/	PUNCT	_	_	_	_	_	@tvc1947f-words#@tvc1947f#800.641#800.943
466	и	и	CCONJ	_	_	_	_	_	@tvc1947f-words#@tvc1947f#800.943#801.245
467	есть	быть	VERB	_	Aspect=Imp|Mood=Ind|Number=Plur|Person=3|Tense=Pres|VerbForm=Fin|Voice=Act	_	_	_	@tvc1947f-words#@tvc1947f#801.245#801.547
468	ли	ли	PART	_	_	_	_	_	@tvc1947f-words#@tvc1947f#801.547#801.849
469	он	он	PRON	_	Case=Nom|Gender=Masc|Number=Sing|Person=3	_	_	_	@tvc1947f-words#@tvc1947f#801.849#802.151
470	у	у	ADP	_	_	_	_	_	@tvc1947f-words#@tvc1947f#802.151#802.453
471	нас	мы	PRON	_	Case=Gen|Number=Plur|Person=1	_	_	_	@tvc1947f-words#@tvc1947f#802.453#802.755
472	/	/	PUNCT	_	_	_	_	_	@tvc1947f-words#@tvc1947f#802.755#803.057
473	тогда	тогда	ADV	_	Degree=Pos	_	_	_	@tvc1947f-words#@tvc1947f#803.057#803.359
474	мы	мы	PRON	_	Case=Nom|Number=Plur|Person=1	_	_	_	@tvc1947f-words#@tvc1947f#803.359#803.661
475	можем	мочь	VERB	_	Aspect=Imp|Mood=Ind|Number=Plur|Person=1|Tense=Pres|VerbForm=Fin|Voice=Act	_	_	_	@tvc1947f-words#@tvc1947f#803.661#803.963
476	вообще	вообще	ADV	_	Degree=Pos	_	_	_	@tvc1947f-words#@tvc1947f#803.963#804.265
477	ни	ни	CCONJ	_	_	_	_	_	@tvc1947f-words#@tvc1947f#804.265#804.567
478	до	до	ADP	_	_	_	_	_	@tvc1947f-words#@tvc1947f#804.567#804.869
479	чего	что	PRON	_	Case=Gen	_	_	_	@tvc1947f-words#@tvc1947f#804.869#805.171
480	не	не	PART	_	_	_	_	_	@tvc1947f-words#@tvc1947f#805.171#805.473
481	договориться	договориться	VERB	_	Aspect=Perf|VerbForm=Inf|Voice=Mid	_	_	_	@tvc1947f-words#@tvc1947f#805.473#805.775
482	/	/	PUNCT	_	_	_	_	_	@tvc1947f-words#@tvc1947f#805.775#806.077
483	хотя	хотя	SCONJ	_	_	_	_	_	@tvc1947f-words#@tvc1947f#806.077#806.379
484	говорим	говорить	VERB	_	Aspect=Imp|Mood=Ind|Number=Plur|Person=1|Tense=Pres|VerbForm=Fin|Voice=Act	_	_	_	@tvc1947f-words#@tvc1947f#806.379#806.681
485	на	на	ADP	_	_	_	_	_	@tvc1947f-words#@tvc1947f#806.681#806.983
486	одном	один	DET	_	Case=Loc|Degree=Pos|Gender=Masc|Number=Sing	_	_	_	@tvc1947f-words#@tvc1947f#806.983#807.285
487	и	и	CCONJ	_	_	_	_	_	@tvc1947f-words#@tvc1947f#807.285#807.587
488	том	тот	DET	_	Case=Loc|Gender=Masc|Number=Sing	_	_	_	@tvc1947f-words#@tvc1947f#807.587#807.889
489	же	же	PART	_	_	_	_	_	@tvc1947f-words#@tvc1947f#807.889#808.191
490	национальном	национальный	ADJ	_	Case=Loc|Degree=Pos|Gender=Masc|Number=Sing	_	_	_	@tvc1947f-words#@tvc1947f#808.191#808.493
491	языке	язык	NOUN	_	Animacy=Inan|Case=Loc|Gender=Masc|Number=Sing	_	_	_	@tvc1947f-words#@tvc1947f#808.493#808.795
492	и	и	CCONJ	_	_	_	_	_	@tvc1947f-words#@tvc1947f#808.795#809.097
493	так	так	ADV	_	Degree=Pos	_	_	_	@tvc1947f-words#@tvc1947f#809.097#809.399
494	далее	далее	ADV	_	Degree=Pos	_	_	_	@tvc1947f-words#@tvc1947f#809.399#809.701
495	это	это	PRON	_	Animacy=Inan|Case=Nom|Gender=Neut|Number=Sing	_	_	_	@tvc1947f-words#@tvc1947f#809.701#810.003
496	отнюдь	отнюдь	ADV	_	Degree=Pos	_	_	_	@tvc1947f-words#@tvc1947f#810.003#810.305
497	не	не	PART	_	_	_	_	_	@tvc1947f-words#@tvc1947f#810.305#810.607
498	полный	полный	ADJ	_	Animacy=Inan|Case=Acc|Degree=Pos|Gender=Masc|Number=Sing	_	_	_	@tvc1947f-words#@tvc1947f#810.607#810.909
499	список	список	NOUN	_	Animacy=Inan|Case=Acc|Gender=Masc|Number=Sing	_	_	_	@tvc1947f-words#@tvc1947f#810.909#811.219
500	и	и	CCONJ	_	_	_	_	_	@tvc1947f-words#@tvc1947f#811.625#812.04
501	Хомский	Хомский	PROPN	_	_	_	_	_	@tvc1947f-words#@tvc1947f#812.04#812.455
502	говорит	говорить	VERB	_	Aspect=Imp|Mood=Ind|Number=Sing|Person=3|Tense=Pres|VerbForm=Fin|Voice=Act	_	_	_	@tvc1947f-words#@tvc1947f#812.455#812.87
503	/	/	PUNCT	_	_	_	_	_	@tvc1947f-words#@tvc1947f#812.87#813.285
504	м	метр	NOUN	_	Animacy=Inan|Case=Acc|Gender=Masc|Number=Sing	_	_	_	@tvc1947f-words#@tvc1947f#813.285#813.7
505	он	он	PRON	_	Case=Nom|Gender=Masc|Number=Sing|Person=3	_	_	_	@tvc1947f-words#@tvc1947f#813.7#814.115
506	для	для	ADP	_	_	_	_	_	@tvc1947f-words#@tvc1947f#814.115#814.53
507	мышления	мышление	NOUN	_	Animacy=Inan|Case=Gen|Gender=Neut|Number=Sing	_	_	_	@tvc1947f-words#@tvc1947f#814.53#814.945
508	/	/	PUNCT	_	_	_	_	_	@tvc1947f-words#@tvc1947f#814.945#815.36
509	для	для	ADP	_	_	_	_	_	@tvc1947f-words#@tvc1947f#815.36#815.775
510	организации	организация	NOUN	_	Animacy=Inan|Case=Gen|Gender=Fem|Number=Sing	_	_	_	@tvc1947f-words#@tvc1947f#815.775#816.19
511	мира	мир	NOUN	_	Animacy=Inan|Case=Gen|Gender=Masc|Number=Sing	_	_	_	@tvc1947f-words#@tvc1947f#816.19#816.614
512	я	я	PRON	_	Case=Nom|Number=Sing|Person=1	_	_	_	@tvc1947f-words#@tvc1947f#816.999#817.361
513	бы	бы	AUX	_	_	_	_	_	@tvc1947f-words#@tvc1947f#817.361#817.723
514	сказала	сказать	VERB	_	Aspect=Perf|Gender=Fem|Mood=Ind|Number=Sing|Tense=Past|VerbForm=Fin|Voice=Act	_	_	_	@tvc1947f-words#@tvc1947f#817.723#818.085
515	так	так	ADV	_	Degree=Pos	_	_	_	@tvc1947f-words#@tvc1947f#818.085#818.447
516	что	что	SCONJ	_	_	_	_	_	@tvc1947f-words#@tvc1947f#818.447#818.809
517	/	/	PUNCT	_	_	_	_	_	@tvc1947f-words#@tvc1947f#818.809#819.171
518	в..	в..	PROPN	_	Animacy=Anim|Case=Nom|Gender=Masc|Number=Sing	_	_	_	@tvc1947f-words#@tvc1947f#819.171#819.533
519	вообще	вообще	ADV	_	Degree=Pos	_	_	_	@tvc1947f-words#@tvc1947f#819.533#819.895
520	язык	язык	VERB	_	Aspect=Perf|Gender=Masc|Mood=Ind|Number=Sing|Tense=Past|VerbForm=Fin|Voice=Act	_	_	_	@tvc1947f-words#@tvc1947f#819.895#820.257
521	это	этот	DET	_	Case=Acc|Gender=Neut|Number=Sing	_	_	_	@tvc1947f-words#@tvc1947f#820.257#820.619
522	средство	средство	NOUN	_	Animacy=Inan|Case=Acc|Gender=Neut|Number=Sing	_	_	_	@tvc1947f-words#@tvc1947f#820.619#820.981
523	борьбы	борьба	NOUN	_	Animacy=Inan|Case=Gen|Gender=Fem|Number=Sing	_	_	_	@tvc1947f-words#@tvc1947f#820.981#821.343
524	с	с	ADP	_	_	_	_	_	@tvc1947f-words#@tvc1947f#821.343#821.705
525	хаосом	хаос	NOUN	_	Animacy=Inan|Case=Ins|Gender=Masc|Number=Sing	_	_	_	@tvc1947f-words#@tvc1947f#821.705#822.067
526	/	/	PUNCT	_	_	_	_	_	@tvc1947f-words#@tvc1947f#822.067#822.429
527	потому	потому	ADV	_	Degree=Pos	_	_	_	@tvc1947f-words#@tvc1947f#822.429#822.791
528	что	что	SCONJ	_	_	_	_	_	@tvc1947f-words#@tvc1947f#822.791#823.153
529	на	на	ADP	_	_	_	_	_	@tvc1947f-words#@tvc1947f#823.153#823.515
530	наши	наш	DET	_	Case=Acc|Number=Plur	_	_	_	@tvc1947f-words#@tvc1947f#823.515#823.877
531	сенсорные	сенсорный	ADJ	_	Animacy=Inan|Case=Acc|Degree=Pos|Number=Plur	_	_	_	@tvc1947f-words#@tvc1947f#823.877#824.239
532	системы	система	NOUN	_	Animacy=Inan|Case=Acc|Gender=Fem|Number=Plur	_	_	_	@tvc1947f-words#@tvc1947f#824.239#824.601
533	/	/	PUNCT	_	_	_	_	_	@tvc1947f-words#@tvc1947f#824.601#824.963
534	на	на	ADP	_	_	_	_	_	@tvc1947f-words#@tvc1947f#824.963#825.325
535	уши…	уши…	PUNCT	_	_	_	_	_	@tvc1947f-words#@tvc1947f#825.325#825.687
536	в	в	ADP	_	_	_	_	_	@tvc1947f-words#@tvc1947f#825.687#826.049
537	уши	ухо	NOUN	_	Animacy=Inan|Case=Acc|Gender=Neut|Number=Plur	_	_	_	@tvc1947f-words#@tvc1947f#826.049#826.411
538	/	/	PUNCT	_	_	_	_	_	@tvc1947f-words#@tvc1947f#826.411#826.773
539	в	в	ADP	_	_	_	_	_	@tvc1947f-words#@tvc1947f#826.773#827.135
540	глаза	глаз	NOUN	_	Animacy=Inan|Case=Acc|Gender=Masc|Number=Plur	_	_	_	@tvc1947f-words#@tvc1947f#827.135#827.497
541	/	/	PUNCT	_	_	_	_	_	@tvc1947f-words#@tvc1947f#827.497#827.859
542	на	на	ADP	_	_	_	_	_	@tvc1947f-words#@tvc1947f#827.859#828.221
543	кожу	кожа	NOUN	_	Animacy=Inan|Case=Acc|Gender=Fem|Number=Sing	_	_	_	@tvc1947f-words#@tvc1947f#828.221#828.583
544	/	/	PUNCT	_	_	_	_	_	@tvc1947f-words#@tvc1947f#828.583#828.945
545	на	на	ADP	_	_	_	_	_	@tvc1947f-words#@tvc1947f#828.945#829.307
546	нос	нос	NOUN	_	Animacy=Inan|Case=Acc|Gender=Masc|Number=Sing	_	_	_	@tvc1947f-words#@tvc1947f#829.307#829.669
547	/	/	PUNCT	_	_	_	_	_	@tvc1947f-words#@tvc1947f#829.669#830.031
548	на	на	ADP	_	_	_	_	_	@tvc1947f-words#@tvc1947f#830.031#830.393
549	все	весь	DET	_	Case=Acc|Number=Plur	_	_	_	@tvc1947f-words#@tvc1947f#830.393#830.755
550	наши	наш	DET	_	Case=Acc|Number=Plur	_	_	_	@tvc1947f-words#@tvc1947f#830.755#831.117
551	входы	вход	NOUN	_	Animacy=Inan|Case=Acc|Gender=Masc|Number=Plur	_	_	_	@tvc1947f-words#@tvc1947f#831.117#831.479
552	в	в	ADP	_	_	_	_	_	@tvc1947f-words#@tvc1947f#831.479#831.841
553	мозг	мозг	NOUN	_	Animacy=Inan|Case=Acc|Gender=Masc|Number=Sing	_	_	_	@tvc1947f-words#@tvc1947f#831.841#832.203
554	/	/	PUNCT	_	_	_	_	_	@tvc1947f-words#@tvc1947f#832.203#832.565
555	каждую	каждый	DET	_	Case=Acc|Gender=Fem|Number=Sing	_	_	_	@tvc1947f-words#@tvc1947f#832.565#832.927
556	миллисекунду	миллисекунда	NOUN	_	Animacy=Inan|Case=Acc|Gender=Fem|Number=Sing	_	_	_	@tvc1947f-words#@tvc1947f#832.927#833.289
557	/	/	PUNCT	_	_	_	_	_	@tvc1947f-words#@tvc1947f#833.289#833.651
558	или	или	CCONJ	_	_	_	_	_	@tvc1947f-words#@tvc1947f#833.651#834.013
559	если	если	SCONJ	_	_	_	_	_	@tvc1947f-words#@tvc1947f#834.013#834.375
560	хотите	хотеть	VERB	_	Aspect=Imp|Mood=Ind|Number=Plur|Person=2|Tense=Pres|VerbForm=Fin|Voice=Act	_	_	_	@tvc1947f-words#@tvc1947f#834.375#834.737
561	ещё	еще	ADV	_	Degree=Pos	_	_	_	@tvc1947f-words#@tvc1947f#834.737#835.099
562	мельче	мелько	ADV	_	Degree=Cmp	_	_	_	@tvc1947f-words#@tvc1947f#835.099#835.461
563	можем	мочь	VERB	_	Aspect=Imp|Mood=Ind|Number=Plur|Person=1|Tense=Pres|VerbForm=Fin|Voice=Act	_	_	_	@tvc1947f-words#@tvc1947f#835.461#835.823
564	разделить	разделить	VERB	_	Aspect=Perf|VerbForm=Inf|Voice=Act	_	_	_	@tvc1947f-words#@tvc1947f#835.823#836.185
565	/	/	PUNCT	_	_	_	_	_	@tvc1947f-words#@tvc1947f#836.185#836.547
566	поступают	поступать	VERB	_	Aspect=Imp|Mood=Ind|Number=Plur|Person=3|Tense=Pres|VerbForm=Fin|Voice=Act	_	_	_	@tvc1947f-words#@tvc1947f#836.547#836.909
567	сигналы	сигнал	NOUN	_	Animacy=Inan|Case=Nom|Gender=Masc|Number=Plur	_	_	_	@tvc1947f-words#@tvc1947f#836.909#837.271
568	из	из	ADP	_	_	_	_	_	@tvc1947f-words#@tvc1947f#837.271#837.633
569	мира	мир	NOUN	_	Animacy=Inan|Case=Gen|Gender=Masc|Number=Sing	_	_	_	@tvc1947f-words#@tvc1947f#837.633#838.01
570	их	они	PRON	_	Case=Gen|Number=Plur|Person=3	_	_	_	@tvc1947f-words#@tvc1947f#838.505#838.873
571	много	много	ADV	_	Degree=Pos	_	_	_	@tvc1947f-words#@tvc1947f#838.873#839.241
572	/	/	PUNCT	_	_	_	_	_	@tvc1947f-words#@tvc1947f#839.241#839.609
573	разных	разный	ADJ	_	Case=Gen|Degree=Pos|Number=Plur	_	_	_	@tvc1947f-words#@tvc1947f#839.609#839.977
574	/	/	PUNCT	_	_	_	_	_	@tvc1947f-words#@tvc1947f#839.977#840.345
575	если	если	SCONJ	_	_	_	_	_	@tvc1947f-words#@tvc1947f#840.345#840.713
576	бы	бы	AUX	_	_	_	_	_	@tvc1947f-words#@tvc1947f#840.713#841.081
577	у	у	ADP	_	_	_	_	_	@tvc1947f-words#@tvc1947f#841.081#841.449
578	нас	мы	PRON	_	Case=Gen|Number=Plur|Person=1	_	_	_	@tvc1947f-words#@tvc1947f#841.449#841.817
579	не	не	PART	_	_	_	_	_	@tvc1947f-words#@tvc1947f#841.817#842.185
580	было	быть	VERB	_	Aspect=Imp|Gender=Neut|Mood=Ind|Number=Sing|Tense=Past|VerbForm=Fin|Voice=Act	_	_	_	@tvc1947f-words#@tvc1947f#842.185#842.553
581	языка	язык	NOUN	_	Animacy=Inan|Case=Gen|Gender=Masc|Number=Sing	_	_	_	@tvc1947f-words#@tvc1947f#842.553#842.921
582	/	/	PUNCT	_	_	_	_	_	@tvc1947f-words#@tvc1947f#842.921#843.289
583	то	то	SCONJ	_	_	_	_	_	@tvc1947f-words#@tvc1947f#843.289#843.657
584	бишь	бишь	PART	_	_	_	_	_	@tvc1947f-words#@tvc1947f#843.657#844.025
585	наименований	наименование	NOUN	_	Animacy=Inan|Case=Gen|Gender=Neut|Number=Plur	_	_	_	@tvc1947f-words#@tvc1947f#844.025#844.393
586	названий	название	NOUN	_	Animacy=Inan|Case=Gen|Gender=Neut|Number=Plur	_	_	_	@tvc1947f-words#@tvc1947f#844.393#844.761
587	/	/	PUNCT	_	_	_	_	_	@tvc1947f-words#@tvc1947f#844.761#845.129
588	для	для	ADP	_	_	_	_	_	@tvc1947f-words#@tvc1947f#845.129#845.497
589	разных	разный	ADJ	_	Case=Gen|Degree=Pos|Number=Plur	_	_	_	@tvc1947f-words#@tvc1947f#845.497#845.865
590	явлений	явление	NOUN	_	Animacy=Inan|Case=Gen|Gender=Neut|Number=Plur	_	_	_	@tvc1947f-words#@tvc1947f#845.865#846.233
591	и	и	CCONJ	_	_	_	_	_	@tvc1947f-words#@tvc1947f#846.233#846.601
592	объектов	объект	NOUN	_	Animacy=Inan|Case=Gen|Gender=Masc|Number=Plur	_	_	_	@tvc1947f-words#@tvc1947f#846.601#846.969
593	/	/	PUNCT	_	_	_	_	_	@tvc1947f-words#@tvc1947f#846.969#847.337
594	то	то	SCONJ	_	_	_	_	_	@tvc1947f-words#@tvc1947f#847.337#847.705
595	тогда	тогда	ADV	_	Degree=Pos	_	_	_	@tvc1947f-words#@tvc1947f#847.705#848.073
596	/	/	PUNCT	_	_	_	_	_	@tvc1947f-words#@tvc1947f#848.073#848.441
597	для	для	ADP	_	_	_	_	_	@tvc1947f-words#@tvc1947f#848.441#848.809
598	каждого	каждый	DET	_	Case=Gen|Gender=Masc|Number=Sing	_	_	_	@tvc1947f-words#@tvc1947f#848.809#849.177
599	вида	вид	NOUN	_	Animacy=Inan|Case=Gen|Gender=Masc|Number=Sing	_	_	_	@tvc1947f-words#@tvc1947f#849.177#849.545
600	огурца	огурец	NOUN	_	Animacy=Inan|Case=Gen|Gender=Masc|Number=Sing	_	_	_	@tvc1947f-words#@tvc1947f#849.545#849.913
601	понадобилось	понадобиться	VERB	_	Aspect=Perf|Gender=Neut|Mood=Ind|Number=Sing|Tense=Past|VerbForm=Fin|Voice=Mid	_	_	_	@tvc1947f-words#@tvc1947f#849.913#850.281
602	бы	бы	AUX	_	_	_	_	_	@tvc1947f-words#@tvc1947f#850.281#850.649
603	свое	свой	DET	_	Case=Acc|Gender=Neut|Number=Sing	_	_	_	@tvc1947f-words#@tvc1947f#850.649#851.017
604	слово	слово	NOUN	_	Animacy=Inan|Case=Acc|Gender=Neut|Number=Sing	_	_	_	@tvc1947f-words#@tvc1947f#851.017#851.385
605	/	/	PUNCT	_	_	_	_	_	@tvc1947f-words#@tvc1947f#851.385#851.753
606	и	и	CCONJ	_	_	_	_	_	@tvc1947f-words#@tvc1947f#851.753#852.121
607	у	у	ADP	_	_	_	_	_	@tvc1947f-words#@tvc1947f#852.121#852.489
608	нас	мы	PRON	_	Case=Gen|Number=Plur|Person=1	_	_	_	@tvc1947f-words#@tvc1947f#852.489#852.857
609	бы	бы	AUX	_	_	_	_	_	@tvc1947f-words#@tvc1947f#852.857#853.225
610	память	память	NOUN	_	Animacy=Inan|Case=Nom|Gender=Fem|Number=Sing	_	_	_	@tvc1947f-words#@tvc1947f#853.225#853.593
611	не	не	PART	_	_	_	_	_	@tvc1947f-words#@tvc1947f#853.593#853.961
612	выдержала	выдержать	VERB	_	Aspect=Perf|Gender=Fem|Mood=Ind|Number=Sing|Tense=Past|VerbForm=Fin|Voice=Act	_	_	_	@tvc1947f-words#@tvc1947f#853.961#854.329
613	даже	даже	PART	_	_	_	_	_	@tvc1947f-words#@tvc1947f#854.329#854.697
614	такого	такой	DET	_	Case=Gen|Gender=Masc|Number=Sing	_	_	_	@tvc1947f-words#@tvc1947f#854.697#855.065
615	объема	объем	NOUN	_	Animacy=Inan|Case=Gen|Gender=Masc|Number=Sing	_	_	_	@tvc1947f-words#@tvc1947f#855.065#855.433
616	/	/	PUNCT	_	_	_	_	_	@tvc1947f-words#@tvc1947f#855.433#855.801
617	о	о	ADP	_	_	_	_	_	@tvc1947f-words#@tvc1947f#855.801#856.169
618	котором	который	PRON	_	Case=Loc	_	_	_	@tvc1947f-words#@tvc1947f#856.169#856.537
619	мы	мы	PRON	_	Case=Nom|Number=Plur|Person=1	_	_	_	@tvc1947f-words#@tvc1947f#856.537#856.905
620	только	только	PART	_	_	_	_	_	@tvc1947f-words#@tvc1947f#856.905#857.273
621	что	что	SCONJ	_	_	_	_	_	@tvc1947f-words#@tvc1947f#857.273#857.641
622	говорили	говорить	VERB	_	Aspect=Imp|Mood=Ind|Number=Plur|Tense=Past|VerbForm=Fin|Voice=Act	_	_	_	@tvc1947f-words#@tvc1947f#857.641#858.055
623	есть	быть	VERB	_	Aspect=Imp|Mood=Ind|Number=Sing|Person=3|Tense=Pres|VerbForm=Fin|Voice=Act	_	_	_	@tvc1947f-words#@tvc1947f#858.604#859.035
624	тысяча	тысяча	NOUN	_	Animacy=Inan|Case=Nom|Gender=Fem|Number=Sing	_	_	_	@tvc1947f-words#@tvc1947f#859.035#859.466
625	вариантов	вариант	NOUN	_	Animacy=Inan|Case=Gen|Gender=Masc|Number=Plur	_	_	_	@tvc1947f-words#@tvc1947f#859.466#859.897
626	чашек	чашка	NOUN	_	Animacy=Inan|Case=Gen|Gender=Fem|Number=Plur	_	_	_	@tvc1947f-words#@tvc1947f#859.897#860.328
627	/	/	PUNCT	_	_	_	_	_	@tvc1947f-words#@tvc1947f#860.328#860.759
628	однако	однако	ADV	_	Degree=Pos	_	_	_	@tvc1947f-words#@tvc1947f#860.759#861.19
629	есть	быть	VERB	_	Aspect=Imp|Mood=Ind|Number=Sing|Person=3|Tense=Pres|VerbForm=Fin|Voice=Act	_	_	_	@tvc1947f-words#@tvc1947f#861.19#861.621
630	общее	общий	ADJ	_	Case=Nom|Degree=Pos|Gender=Neut|Number=Sing	_	_	_	@tvc1947f-words#@tvc1947f#861.621#862.052
631	слово	слово	NOUN	_	Animacy=Inan|Case=Nom|Gender=Neut|Number=Sing	_	_	_	@tvc1947f-words#@tvc1947f#862.052#862.483
632	чашка	чашка	NOUN	_	Animacy=Inan|Case=Gen|Gender=Masc|Number=Sing	_	_	_	@tvc1947f-words#@tvc1947f#862.483#862.914
633	/	/	PUNCT	_	_	_	_	_	@tvc1947f-words#@tvc1947f#862.914#863.345
634	есть	быть	VERB	_	Aspect=Imp|Mood=Ind|Number=Plur|Person=3|Tense=Pres|VerbForm=Fin|Voice=Act	_	_	_	@tvc1947f-words#@tvc1947f#863.345#863.776
635	варианты	вариант	NOUN	_	Animacy=Inan|Case=Nom|Gender=Masc|Number=Plur	_	_	_	@tvc1947f-words#@tvc1947f#863.776#864.207
636	для	для	ADP	_	_	_	_	_	@tvc1947f-words#@tvc1947f#864.207#864.638
637	ста…	ста…	PUNCT	_	_	_	_	_	@tvc1947f-words#@tvc1947f#864.638#865.069
638	мильён	милья	NOUN	_	Animacy=Inan|Case=Gen|Gender=Neut|Number=Plur	_	_	_	@tvc1947f-words#@tvc1947f#865.069#865.5
639	вал…	вал…	PUNCT	_	_	_	_	_	@tvc1947f-words#@tvc1947f#865.5#865.931
640	вариантов	вариант	NOUN	_	Animacy=Inan|Case=Gen|Gender=Masc|Number=Plur	_	_	_	@tvc1947f-words#@tvc1947f#865.931#866.362
641	для	для	ADP	_	_	_	_	_	@tvc1947f-words#@tvc1947f#866.362#866.793
642	столов	стол	NOUN	_	Animacy=Inan|Case=Gen|Gender=Masc|Number=Plur	_	_	_	@tvc1947f-words#@tvc1947f#866.793#867.224
643	/	/	PUNCT	_	_	_	_	_	@tvc1947f-words#@tvc1947f#867.224#867.655
644	эмм	эмма	NOUN	_	Animacy=Inan|Case=Gen|Gender=Masc|Number=Plur	_	_	_	@tvc1947f-words#@tvc1947f#867.655#868.086
645	растений	растение	NOUN	_	Animacy=Inan|Case=Gen|Gender=Neut|Number=Plur	_	_	_	@tvc1947f-words#@tvc1947f#868.086#868.517
646	и	и	CCONJ	_	_	_	_	_	@tvc1947f-words#@tvc1947f#868.517#868.948
647	так	так	ADV	_	Degree=Pos	_	_	_	@tvc1947f-words#@tvc1947f#868.948#869.379
648	далее	далее	ADV	_	Degree=Pos	_	_	_	@tvc1947f-words#@tvc1947f#869.379#869.81
649	/	/	PUNCT	_	_	_	_	_	@tvc1947f-words#@tvc1947f#869.81#870.241
650	значит	значить	VERB	_	Aspect=Imp|Mood=Ind|Number=Sing|Person=3|Tense=Pres|VerbForm=Fin|Voice=Act	_	_	_	@tvc1947f-words#@tvc1947f#870.241#870.672
651	вот	вот	PART	_	_	_	_	_	@tvc1947f-words#@tvc1947f#870.672#871.103
652	как-то	как-то	ADV	_	Degree=Pos	_	_	_	@tvc1947f-words#@tvc1947f#871.103#871.534
653	так	так	ADV	_	Degree=Pos	_	_	_	@tvc1947f-words#@tvc1947f#871.534#871.965
654	удачно	удачно	ADV	_	Degree=Pos	_	_	_	@tvc1947f-words#@tvc1947f#871.965#872.396
655	вышло	выйти	VERB	_	Aspect=Perf|Gender=Neut|Mood=Ind|Number=Sing|Tense=Past|VerbForm=Fin|Voice=Act	_	_	_	@tvc1947f-words#@tvc1947f#872.396#872.827
656	уж	уж	PART	_	_	_	_	_	@tvc1947f-words#@tvc1947f#872.827#873.258
657	я	я	PRON	_	Case=Nom|Number=Sing|Person=1	_	_	_	@tvc1947f-words#@tvc1947f#873.258#873.689
658	не	не	PART	_	_	_	_	_	@tvc1947f-words#@tvc1947f#873.689#874.12
659	знаю	знать	VERB	_	Aspect=Imp|Mood=Ind|Number=Sing|Person=1|Tense=Pres|VerbForm=Fin|Voice=Act	_	_	_	@tvc1947f-words#@tvc1947f#874.12#874.551
660	кто	кто	PRON	_	Case=Nom	_	_	_	@tvc1947f-words#@tvc1947f#874.551#874.982
661	нам	мы	PRON	_	Case=Dat|Number=Plur|Person=1	_	_	_	@tvc1947f-words#@tvc1947f#874.982#875.413
662	такое	такой	DET	_	Case=Acc|Gender=Neut|Number=Sing	_	_	_	@tvc1947f-words#@tvc1947f#875.413#875.844
663	подбросил	подбросить	VERB	_	Aspect=Perf|Gender=Masc|Mood=Ind|Number=Sing|Tense=Past|VerbForm=Fin|Voice=Act	_	_	_	@tvc1947f-words#@tvc1947f#875.844#876.275
664	/	/	PUNCT	_	_	_	_	_	@tvc1947f-words#@tvc1947f#876.275#876.706
665	эволюция	эволюция	NOUN	_	Animacy=Inan|Case=Nom|Gender=Fem|Number=Sing	_	_	_	@tvc1947f-words#@tvc1947f#876.706#877.137
666	/	/	PUNCT	_	_	_	_	_	@tvc1947f-words#@tvc1947f#877.137#877.568
667	условно	условно	ADV	_	Degree=Pos	_	_	_	@tvc1947f-words#@tvc1947f#877.568#877.999
668	скажем	сказать	VERB	_	Aspect=Perf|Mood=Ind|Number=Plur|Person=1|Tense=Fut|VerbForm=Fin|Voice=Act	_	_	_	@tvc1947f-words#@tvc1947f#877.999#878.43
669	/	/	PUNCT	_	_	_	_	_	@tvc1947f-words#@tvc1947f#878.43#878.861
670	что	что	SCONJ	_	_	_	_	_	@tvc1947f-words#@tvc1947f#878.861#879.292
671	у	у	ADP	_	_	_	_	_	@tvc1947f-words#@tvc1947f#879.292#879.723
672	нас	мы	PRON	_	Case=Gen|Number=Plur|Person=1	_	_	_	@tvc1947f-words#@tvc1947f#879.723#880.154
673	есть	быть	VERB	_	Aspect=Imp|Mood=Ind|Number=Sing|Person=3|Tense=Pres|VerbForm=Fin|Voice=Act	_	_	_	@tvc1947f-words#@tvc1947f#880.154#880.585
674	мм	мм	NOUN	_	Animacy=Inan|Case=Nom|Gender=Masc|Number=Sing	_	_	_	@tvc1947f-words#@tvc1947f#880.585#881.016
675	имена	имя	NOUN	_	Animacy=Anim|Case=Gen|Gender=Masc|Number=Sing	_	_	_	@tvc1947f-words#@tvc1947f#881.016#881.447
676	для	для	ADP	_	_	_	_	_	@tvc1947f-words#@tvc1947f#881.447#881.878
677	целых	целый	ADJ	_	Case=Gen|Degree=Pos|Number=Plur	_	_	_	@tvc1947f-words#@tvc1947f#881.878#882.309
678	групп	группа	NOUN	_	Animacy=Inan|Case=Gen|Gender=Fem|Number=Plur	_	_	_	@tvc1947f-words#@tvc1947f#882.309#882.74
679	явлений	явление	NOUN	_	Animacy=Inan|Case=Gen|Gender=Neut|Number=Plur	_	_	_	@tvc1947f-words#@tvc1947f#882.74#883.171
680	более-менее	более-менее	ADV	_	Degree=Cmp	_	_	_	@tvc1947f-words#@tvc1947f#883.171#883.602
681	близких	близкий	ADJ	_	Case=Gen|Degree=Pos|Number=Plur	_	_	_	@tvc1947f-words#@tvc1947f#883.602#884.033
682	по	по	ADP	_	_	_	_	_	@tvc1947f-words#@tvc1947f#884.033#884.464
683	отношению	отношение	NOUN	_	Animacy=Inan|Case=Dat|Gender=Neut|Number=Sing	_	_	_	@tvc1947f-words#@tvc1947f#884.464#884.895
684	друг	друг	NOUN	_	Animacy=Anim|Case=Nom|Gender=Masc|Number=Sing	_	_	_	@tvc1947f-words#@tvc1947f#884.895#885.326
685	другу	друг	NOUN	_	Animacy=Anim|Case=Dat|Gender=Masc|Number=Sing	_	_	_	@tvc1947f-words#@tvc1947f#885.326#885.812
686	все	весь	DET	_	Case=Nom|Number=Plur	_	_	_	@tvc1947f-words#@tvc1947f#886.01#886.289
687	люди	человек	NOUN	_	Animacy=Anim|Case=Nom|Gender=Masc|Number=Plur	_	_	_	@tvc1947f-words#@tvc1947f#886.289#886.568
688	разные	разный	ADJ	_	Case=Nom|Degree=Pos|Number=Plur	_	_	_	@tvc1947f-words#@tvc1947f#886.568#886.847
689	/	/	PUNCT	_	_	_	_	_	@tvc1947f-words#@tvc1947f#886.847#887.126
690	но	но	CCONJ	_	_	_	_	_	@tvc1947f-words#@tvc1947f#887.126#887.405
691	у	у	ADP	_	_	_	_	_	@tvc1947f-words#@tvc1947f#887.405#887.684
692	нас	мы	PRON	_	Case=Gen|Number=Plur|Person=1	_	_	_	@tvc1947f-words#@tvc1947f#887.684#887.963
693	есть	быть	VERB	_	Aspect=Imp|Mood=Ind|Number=Sing|Person=3|Tense=Pres|VerbForm=Fin|Voice=Act	_	_	_	@tvc1947f-words#@tvc1947f#887.963#888.242
694	слово	слово	NOUN	_	Animacy=Inan|Case=Nom|Gender=Neut|Number=Sing	_	_	_	@tvc1947f-words#@tvc1947f#888.242#888.521
695	человек	человек	NOUN	_	Animacy=Anim|Case=Gen|Gender=Masc|Number=Plur	_	_	_	@tvc1947f-words#@tvc1947f#888.521#888.8
696	/	/	PUNCT	_	_	_	_	_	@tvc1947f-words#@tvc1947f#888.8#889.079
697	или	или	CCONJ	_	_	_	_	_	@tvc1947f-words#@tvc1947f#889.079#889.358
698	есть	быть	VERB	_	Aspect=Imp|Mood=Ind|Number=Plur|Person=3|Tense=Pres|VerbForm=Fin|Voice=Act	_	_	_	@tvc1947f-words#@tvc1947f#889.358#889.637
699	слово	слово	NOUN	_	Animacy=Inan|Case=Acc|Gender=Neut|Number=Sing	_	_	_	@tvc1947f-words#@tvc1947f#889.637#889.916
700	люди	человек	NOUN	_	Animacy=Anim|Case=Nom|Gender=Masc|Number=Plur	_	_	_	@tvc1947f-words#@tvc1947f#889.916#890.208
701	и	и	CCONJ	_	_	_	_	_	@tvc1947f-words#@tvc1947f#890.428#890.755
702	таким	такой	DET	_	Case=Ins|Gender=Masc|Number=Sing	_	_	_	@tvc1947f-words#@tvc1947f#890.755#891.082
703	образом	образ	NOUN	_	Animacy=Inan|Case=Ins|Gender=Masc|Number=Sing	_	_	_	@tvc1947f-words#@tvc1947f#891.082#891.409
704	мы	мы	PRON	_	Case=Nom|Number=Plur|Person=1	_	_	_	@tvc1947f-words#@tvc1947f#891.409#891.736
705	объединяем	объединять	VERB	_	Aspect=Imp|Mood=Ind|Number=Plur|Person=1|Tense=Pres|VerbForm=Fin|Voice=Act	_	_	_	@tvc1947f-words#@tvc1947f#891.736#892.063
706	это	этот	PRON	_	Animacy=Inan|Case=Acc|Gender=Neut|Number=Sing	_	_	_	@tvc1947f-words#@tvc1947f#892.063#892.395
707	ээ	ээ	X	_	Foreign=Yes	_	_	_	@tvc1947f-words#@tvc1947f#897.768#898.151
708	и	и	CCONJ	_	_	_	_	_	@tvc1947f-words#@tvc1947f#898.151#898.534
709	и	и	PART	_	_	_	_	_	@tvc1947f-words#@tvc1947f#898.534#898.917
710	на	на	ADP	_	_	_	_	_	@tvc1947f-words#@tvc1947f#898.917#899.3
711	мой	мой	DET	_	Case=Nom|Gender=Masc|Number=Sing	_	_	_	@tvc1947f-words#@tvc1947f#899.3#899.683
712	нет	нет	VERB	_	Aspect=Imp|Mood=Ind|Number=Sing|Person=3|Tense=Pres|VerbForm=Fin|Voice=Act	_	_	_	@tvc1947f-words#@tvc1947f#899.683#900.066
713	/	/	PUNCT	_	_	_	_	_	@tvc1947f-words#@tvc1947f#900.066#900.449
714	и	и	CCONJ	_	_	_	_	_	@tvc1947f-words#@tvc1947f#900.449#900.832
715	на	на	ADP	_	_	_	_	_	@tvc1947f-words#@tvc1947f#900.832#901.215
716	взгляд	взгляд	NOUN	_	Animacy=Inan|Case=Acc|Gender=Masc|Number=Sing	_	_	_	@tvc1947f-words#@tvc1947f#901.215#901.598
717	любого	любой	DET	_	Case=Gen|Gender=Masc|Number=Sing	_	_	_	@tvc1947f-words#@tvc1947f#901.598#901.981
718	другого	другой	ADJ	_	Case=Gen|Degree=Pos|Gender=Masc|Number=Sing	_	_	_	@tvc1947f-words#@tvc1947f#901.981#902.364
719	человека	человек	NOUN	_	Animacy=Anim|Case=Gen|Gender=Masc|Number=Sing	_	_	_	@tvc1947f-words#@tvc1947f#902.364#902.747
720	который	который	PRON	_	Case=Nom	_	_	_	@tvc1947f-words#@tvc1947f#902.747#903.13
721	понимает	понимать	VERB	_	Aspect=Imp|Mood=Ind|Number=Sing|Person=3|Tense=Pres|VerbForm=Fin|Voice=Act	_	_	_	@tvc1947f-words#@tvc1947f#903.13#903.513
722	нет	нет	VERB	_	Aspect=Imp|Mood=Ind|Number=Sing|Person=3|Tense=Pres|VerbForm=Fin|Voice=Act	_	_	_	@tvc1947f-words#@tvc1947f#903.513#903.896
723	и	и	PART	_	_	_	_	_	@tvc1947f-words#@tvc1947f#903.896#904.279
724	быть	быть	AUX	_	Aspect=Imp|VerbForm=Inf|Voice=Act	_	_	_	@tvc1947f-words#@tvc1947f#904.279#904.662
725	не	не	PART	_	_	_	_	_	@tvc1947f-words#@tvc1947f#904.662#905.045
726	может	мочь	VERB	_	Aspect=Imp|Mood=Ind|Number=Sing|Person=3|Tense=Pres|VerbForm=Fin|Voice=Act	_	_	_	@tvc1947f-words#@tvc1947f#905.045#905.428
727	по	по	ADV	_	Degree=Pos	_	_	_	@tvc1947f-words#@tvc1947f#905.428#905.811
728	/	/	PUNCT	_	_	_	_	_	@tvc1947f-words#@tvc1947f#905.811#906.194
729	очень	очень	ADV	_	Degree=Pos	_	_	_	@tvc1947f-words#@tvc1947f#906.194#906.577
730	простой	простой	ADJ	_	Case=Dat|Degree=Pos|Gender=Fem|Number=Sing	_	_	_	@tvc1947f-words#@tvc1947f#906.577#906.96
731	причине	причина	NOUN	_	Animacy=Inan|Case=Dat|Gender=Fem|Number=Sing	_	_	_	@tvc1947f-words#@tvc1947f#906.96#907.343
732	/	/	PUNCT	_	_	_	_	_	@tvc1947f-words#@tvc1947f#907.343#907.726
733	это	это	PRON	_	_	_	_	_	@tvc1947f-words#@tvc1947f#907.726#908.109
734	такая	такой	DET	_	Case=Nom|Gender=Fem|Number=Sing	_	_	_	@tvc1947f-words#@tvc1947f#908.109#908.492
735	сложная	сложный	ADJ	_	Case=Nom|Degree=Pos|Gender=Fem|Number=Sing	_	_	_	@tvc1947f-words#@tvc1947f#908.492#908.875
736	функция	функция	NOUN	_	Animacy=Inan|Case=Nom|Gender=Fem|Number=Sing	_	_	_	@tvc1947f-words#@tvc1947f#908.875#909.258
737	и	и	CCONJ	_	_	_	_	_	@tvc1947f-words#@tvc1947f#909.258#909.641
738	/	/	PUNCT	_	_	_	_	_	@tvc1947f-words#@tvc1947f#909.641#910.024
739	если	если	SCONJ	_	_	_	_	_	@tvc1947f-words#@tvc1947f#910.024#910.407
740	вы	вы	PRON	_	Case=Nom|Number=Plur|Person=2	_	_	_	@tvc1947f-words#@tvc1947f#910.407#910.79
741	мне	я	PRON	_	Case=Dat|Number=Sing|Person=1	_	_	_	@tvc1947f-words#@tvc1947f#910.79#911.173
742	дадите	дать	VERB	_	Aspect=Imp|Mood=Ind|Number=Plur|Person=2|Tense=Pres|VerbForm=Fin|Voice=Act	_	_	_	@tvc1947f-words#@tvc1947f#911.173#911.556
743	возможность	возможность	NOUN	_	Animacy=Inan|Case=Acc|Gender=Fem|Number=Sing	_	_	_	@tvc1947f-words#@tvc1947f#911.556#911.939
744	я	я	PRON	_	Case=Nom|Number=Sing|Person=1	_	_	_	@tvc1947f-words#@tvc1947f#911.939#912.322
745	расскажу	рассказать	VERB	_	Aspect=Perf|Mood=Ind|Number=Sing|Person=1|Tense=Fut|VerbForm=Fin|Voice=Act	_	_	_	@tvc1947f-words#@tvc1947f#912.322#912.705
746	в	в	ADP	_	_	_	_	_	@tvc1947f-words#@tvc1947f#912.705#913.088
747	чем	что	PRON	_	Case=Loc	_	_	_	@tvc1947f-words#@tvc1947f#913.088#913.471
748	ее	ее	DET	_	_	_	_	_	@tvc1947f-words#@tvc1947f#913.471#913.854
749	сложность	сложность	NOUN	_	Animacy=Inan|Case=Nom|Gender=Fem|Number=Sing	_	_	_	@tvc1947f-words#@tvc1947f#913.854#914.237
750	/	/	PUNCT	_	_	_	_	_	@tvc1947f-words#@tvc1947f#914.237#914.62
751	что	что	PRON	_	Case=Nom	_	_	_	@tvc1947f-words#@tvc1947f#914.62#915.003
752	только	только	PART	_	_	_	_	_	@tvc1947f-words#@tvc1947f#915.003#915.386
753	очень	очень	ADV	_	Degree=Pos	_	_	_	@tvc1947f-words#@tvc1947f#915.386#915.769
754	наивный	наивный	ADJ	_	Case=Nom|Degree=Pos|Gender=Masc|Number=Sing	_	_	_	@tvc1947f-words#@tvc1947f#915.769#916.152
755	и	и	CCONJ	_	_	_	_	_	@tvc1947f-words#@tvc1947f#916.152#916.535
756	мало	мало	ADV	_	Degree=Pos	_	_	_	@tvc1947f-words#@tvc1947f#916.535#916.918
757	э	эра	INTJ	_	_	_	_	_	@tvc1947f-words#@tvc1947f#916.918#917.301
758	просвещенный	просвещить	VERB	_	Animacy=Inan|Aspect=Perf|Case=Acc|Gender=Masc|Number=Sing|Tense=Past|VerbForm=Part|Voice=Pass	_	_	_	@tvc1947f-words#@tvc1947f#917.301#917.684
759	в	в	ADP	_	_	_	_	_	@tvc1947f-words#@tvc1947f#917.684#918.067
760	этой	этот	DET	_	Case=Loc|Gender=Fem|Number=Sing	_	_	_	@tvc1947f-words#@tvc1947f#918.067#918.45
761	области	область	NOUN	_	Animacy=Inan|Case=Loc|Gender=Fem|Number=Sing	_	_	_	@tvc1947f-words#@tvc1947f#918.45#918.833
762	человек	человек	NOUN	_	Animacy=Anim|Case=Nom|Gender=Masc|Number=Sing	_	_	_	@tvc1947f-words#@tvc1947f#918.833#919.216
763	может	мочь	VERB	_	Aspect=Imp|Mood=Ind|Number=Sing|Person=3|Tense=Pres|VerbForm=Fin|Voice=Act	_	_	_	@tvc1947f-words#@tvc1947f#919.216#919.599
764	подумать	подумать	VERB	_	Aspect=Perf|VerbForm=Inf|Voice=Act	_	_	_	@tvc1947f-words#@tvc1947f#919.599#919.982
765	что	что	PRON	_	Case=Acc	_	_	_	@tvc1947f-words#@tvc1947f#919.982#920.365
766	/	/	PUNCT	_	_	_	_	_	@tvc1947f-words#@tvc1947f#920.365#920.748
767	э	эра	INTJ	_	_	_	_	_	@tvc1947f-words#@tvc1947f#920.748#921.131
768	вообще	вообще	ADV	_	Degree=Pos	_	_	_	@tvc1947f-words#@tvc1947f#921.131#921.514
769	теоретически	теоретически	ADV	_	Degree=Pos	_	_	_	@tvc1947f-words#@tvc1947f#921.514#921.897
770	может	мочь	VERB	_	Aspect=Imp|Mood=Ind|Number=Sing|Person=3|Tense=Pres|VerbForm=Fin|Voice=Act	_	_	_	@tvc1947f-words#@tvc1947f#921.897#922.28
771	быть	быть	VERB	_	Aspect=Imp|VerbForm=Inf|Voice=Act	_	_	_	@tvc1947f-words#@tvc1947f#922.28#922.663
772	один	один	NUM	_	Case=Nom|Gender=Masc	_	_	_	@tvc1947f-words#@tvc1947f#922.663#923.046
773	ген	ген	NOUN	_	Animacy=Inan|Case=Nom|Gender=Masc|Number=Sing	_	_	_	@tvc1947f-words#@tvc1947f#923.046#923.429
774	который	который	PRON	_	Case=Nom	_	_	_	@tvc1947f-words#@tvc1947f#923.429#923.812
775	ведает	ведать	VERB	_	Aspect=Imp|Mood=Ind|Number=Sing|Person=3|Tense=Pres|VerbForm=Fin|Voice=Act	_	_	_	@tvc1947f-words#@tvc1947f#923.812#924.195
776	такой	такой	DET	_	Case=Ins|Gender=Fem|Number=Sing	_	_	_	@tvc1947f-words#@tvc1947f#924.195#924.578
777	сложной	сложный	ADJ	_	Case=Ins|Degree=Pos|Gender=Fem|Number=Sing	_	_	_	@tvc1947f-words#@tvc1947f#924.578#924.961
778	вещью	вещь	NOUN	_	Animacy=Inan|Case=Ins|Gender=Fem|Number=Sing	_	_	_	@tvc1947f-words#@tvc1947f#924.961#925.344
779	как	как	SCONJ	_	_	_	_	_	@tvc1947f-words#@tvc1947f#925.344#925.727
780	язык	язык	NOUN	_	Animacy=Inan|Case=Nom|Gender=Masc|Number=Sing	_	_	_	@tvc1947f-words#@tvc1947f#925.727#926.11
781	/	/	PUNCT	_	_	_	_	_	@tvc1947f-words#@tvc1947f#926.11#926.493
782	потому	потому	ADV	_	Degree=Pos	_	_	_	@tvc1947f-words#@tvc1947f#926.493#926.876
783	что	что	SCONJ	_	_	_	_	_	@tvc1947f-words#@tvc1947f#926.876#927.259
784	в	в	ADP	_	_	_	_	_	@tvc1947f-words#@tvc1947f#927.259#927.642
785	функционировании	функционирование	NOUN	_	Animacy=Inan|Case=Loc|Gender=Neut|Number=Sing	_	_	_	@tvc1947f-words#@tvc1947f#927.642#928.025
786	языка	язык	NOUN	_	Animacy=Inan|Case=Gen|Gender=Masc|Number=Sing	_	_	_	@tvc1947f-words#@tvc1947f#928.025#928.408
787	принимают	принимать	VERB	_	Aspect=Imp|Mood=Ind|Number=Plur|Person=3|Tense=Pres|VerbForm=Fin|Voice=Act	_	_	_	@tvc1947f-words#@tvc1947f#928.408#928.791
788	участие	участие	NOUN	_	Animacy=Inan|Case=Acc|Gender=Neut|Number=Sing	_	_	_	@tvc1947f-words#@tvc1947f#928.791#929.174
789	память	память	NOUN	_	Animacy=Inan|Case=Nom|Gender=Fem|Number=Sing	_	_	_	@tvc1947f-words#@tvc1947f#929.174#929.557
790	/	/	PUNCT	_	_	_	_	_	@tvc1947f-words#@tvc1947f#929.557#929.94
791	разная	разный	ADJ	_	Case=Nom|Degree=Pos|Gender=Fem|Number=Sing	_	_	_	@tvc1947f-words#@tvc1947f#929.94#930.323
792	память	память	NOUN	_	Animacy=Inan|Case=Nom|Gender=Fem|Number=Sing	_	_	_	@tvc1947f-words#@tvc1947f#930.323#930.706
793	/	/	PUNCT	_	_	_	_	_	@tvc1947f-words#@tvc1947f#930.706#931.089
794	оперативная	оперативный	ADJ	_	Case=Nom|Degree=Pos|Gender=Fem|Number=Sing	_	_	_	@tvc1947f-words#@tvc1947f#931.089#931.472
795	/	/	PUNCT	_	_	_	_	_	@tvc1947f-words#@tvc1947f#931.472#931.855
796	долговременная	долговременный	ADJ	_	Case=Nom|Degree=Pos|Gender=Fem|Number=Sing	_	_	_	@tvc1947f-words#@tvc1947f#931.855#932.238
797	/	/	PUNCT	_	_	_	_	_	@tvc1947f-words#@tvc1947f#932.238#932.621
798	ассоциативная	ассоциативный	ADJ	_	Case=Nom|Degree=Pos|Gender=Fem|Number=Sing	_	_	_	@tvc1947f-words#@tvc1947f#932.621#933.004
799	такая-сякая	такая-сякий	DET	_	Case=Nom|Gender=Fem|Number=Sing	_	_	_	@tvc1947f-words#@tvc1947f#933.004#933.387
800	/	/	PUNCT	_	_	_	_	_	@tvc1947f-words#@tvc1947f#933.387#933.77
801	и	и	CCONJ	_	_	_	_	_	@tvc1947f-words#@tvc1947f#933.77#934.153
802	это	это	PRON	_	Animacy=Inan|Case=Nom|Gender=Neut|Number=Sing	_	_	_	@tvc1947f-words#@tvc1947f#934.153#934.536
803	вне	вне	ADP	_	_	_	_	_	@tvc1947f-words#@tvc1947f#934.536#934.919
804	языка	язык	NOUN	_	Animacy=Inan|Case=Gen|Gender=Masc|Number=Sing	_	_	_	@tvc1947f-words#@tvc1947f#934.919#935.318
805	то	то	PRON	_	Animacy=Inan|Case=Nom|Gender=Neut|Number=Sing	_	_	_	@tvc1947f-words#@tvc1947f#936.176#936.493
806	есть	быть	VERB	_	Aspect=Imp|Mood=Ind|Number=Sing|Person=3|Tense=Pres|VerbForm=Fin|Voice=Act	_	_	_	@tvc1947f-words#@tvc1947f#936.493#936.81
807	не	не	PART	_	_	_	_	_	@tvc1947f-words#@tvc1947f#936.81#937.127
808	только	только	PART	_	_	_	_	_	@tvc1947f-words#@tvc1947f#937.127#937.444
809	внутри	внутри	ADV	_	Degree=Pos	_	_	_	@tvc1947f-words#@tvc1947f#937.444#937.761
810	языка	язык	NOUN	_	Animacy=Inan|Case=Gen|Gender=Masc|Number=Sing	_	_	_	@tvc1947f-words#@tvc1947f#937.761#938.078
811	но	но	CCONJ	_	_	_	_	_	@tvc1947f-words#@tvc1947f#938.078#938.395
812	и	и	PART	_	_	_	_	_	@tvc1947f-words#@tvc1947f#938.395#938.712
813	вне	вне	ADP	_	_	_	_	_	@tvc1947f-words#@tvc1947f#938.712#939.029
814	языка	язык	NOUN	_	Animacy=Inan|Case=Gen|Gender=Masc|Number=Sing	_	_	_	@tvc1947f-words#@tvc1947f#939.029#939.346
815	/	/	PUNCT	_	_	_	_	_	@tvc1947f-words#@tvc1947f#939.346#939.663
816	интеллекты	интеллект	VERB	_	Aspect=Perf|Number=Plur|Tense=Past|Variant=Short|VerbForm=Part|Voice=Pass	_	_	_	@tvc1947f-words#@tvc1947f#939.663#939.98
817	разный	разный	ADJ	_	Animacy=Inan|Case=Acc|Degree=Pos|Gender=Masc|Number=Sing	_	_	_	@tvc1947f-words#@tvc1947f#939.98#940.297
818	/	/	PUNCT	_	_	_	_	_	@tvc1947f-words#@tvc1947f#940.297#940.614
819	эмоции	эмоция	NOUN	_	Animacy=Inan|Case=Nom|Gender=Fem|Number=Plur	_	_	_	@tvc1947f-words#@tvc1947f#940.614#940.931
820	/	/	PUNCT	_	_	_	_	_	@tvc1947f-words#@tvc1947f#940.931#941.248
821	внимание	внимание	NOUN	_	Animacy=Inan|Case=Nom|Gender=Neut|Number=Sing	_	_	_	@tvc1947f-words#@tvc1947f#941.248#941.565
822	/	/	PUNCT	_	_	_	_	_	@tvc1947f-words#@tvc1947f#941.565#941.882
823	и	и	CCONJ	_	_	_	_	_	@tvc1947f-words#@tvc1947f#941.882#942.199
824	еще	еще	ADV	_	Degree=Pos	_	_	_	@tvc1947f-words#@tvc1947f#942.199#942.516
825	там	там	ADV	_	Degree=Pos	_	_	_	@tvc1947f-words#@tvc1947f#942.516#942.833
826	бог	бог	NOUN	_	Animacy=Anim|Case=Nom|Gender=Masc|Number=Sing	_	_	_	@tvc1947f-words#@tvc1947f#942.833#943.15
827	знает	знать	VERB	_	Aspect=Imp|Mood=Ind|Number=Sing|Person=3|Tense=Pres|VerbForm=Fin|Voice=Act	_	_	_	@tvc1947f-words#@tvc1947f#943.15#943.467
828	что	что	PRON	_	Case=Acc	_	_	_	@tvc1947f-words#@tvc1947f#943.467#943.784
829	/	/	PUNCT	_	_	_	_	_	@tvc1947f-words#@tvc1947f#943.784#944.101
830	это	это	PRON	_	Animacy=Inan|Case=Nom|Gender=Neut|Number=Sing	_	_	_	@tvc1947f-words#@tvc1947f#944.101#944.418
831	целый	целый	ADJ	_	Case=Nom|Degree=Pos|Gender=Masc|Number=Sing	_	_	_	@tvc1947f-words#@tvc1947f#944.418#944.735
832	список	список	NOUN	_	Animacy=Inan|Case=Nom|Gender=Masc|Number=Sing	_	_	_	@tvc1947f-words#@tvc1947f#944.735#945.066
833	представить	представить	VERB	_	Aspect=Perf|VerbForm=Inf|Voice=Act	_	_	_	@tvc1947f-words#@tvc1947f#945.186#945.546
834	себе	себя	PRON	_	Case=Dat	_	_	_	@tvc1947f-words#@tvc1947f#945.546#945.906
835	что	что	PRON	_	Case=Acc	_	_	_	@tvc1947f-words#@tvc1947f#945.906#946.266
836	такую	такой	DET	_	Case=Acc|Gender=Fem|Number=Sing	_	_	_	@tvc1947f-words#@tvc1947f#946.266#946.626
837	сложную	сложный	ADJ	_	Case=Acc|Degree=Pos|Gender=Fem|Number=Sing	_	_	_	@tvc1947f-words#@tvc1947f#946.626#946.986
838	систему	система	NOUN	_	Animacy=Inan|Case=Acc|Gender=Fem|Number=Sing	_	_	_	@tvc1947f-words#@tvc1947f#946.986#947.346
839	может	мочь	VERB	_	Aspect=Imp|Mood=Ind|Number=Sing|Person=3|Tense=Pres|VerbForm=Fin|Voice=Act	_	_	_	@tvc1947f-words#@tvc1947f#947.346#947.706
840	обслужить	обслуживать	VERB	_	Aspect=Imp|VerbForm=Inf|Voice=Act	_	_	_	@tvc1947f-words#@tvc1947f#947.706#948.066
841	один	один	NUM	_	Case=Nom|Gender=Masc	_	_	_	@tvc1947f-words#@tvc1947f#948.066#948.426
842	ген	ген	NOUN	_	Animacy=Inan|Case=Nom|Gender=Masc|Number=Sing	_	_	_	@tvc1947f-words#@tvc1947f#948.426#948.786
843	/	/	PUNCT	_	_	_	_	_	@tvc1947f-words#@tvc1947f#948.786#949.146
844	конечно	конечно	ADV	_	Degree=Pos	_	_	_	@tvc1947f-words#@tvc1947f#949.146#949.506
845	нет	нет	VERB	_	Aspect=Imp|Mood=Ind|Number=Sing|Person=3|Tense=Pres|VerbForm=Fin|Voice=Act	_	_	_	@tvc1947f-words#@tvc1947f#949.506#949.867
846	но	но	CCONJ	_	_	_	_	_	@tvc1947f-words#@tvc1947f#950.121#950.529
847	/	/	PUNCT	_	_	_	_	_	@tvc1947f-words#@tvc1947f#950.529#950.937
848	я	я	PRON	_	Case=Nom|Number=Sing|Person=1	_	_	_	@tvc1947f-words#@tvc1947f#950.937#951.345
849	понимаю	понимать	VERB	_	Aspect=Imp|Mood=Ind|Number=Sing|Person=1|Tense=Pres|VerbForm=Fin|Voice=Act	_	_	_	@tvc1947f-words#@tvc1947f#951.345#951.753
850	что	что	PRON	_	Case=Acc	_	_	_	@tvc1947f-words#@tvc1947f#951.753#952.161
851	вы	вы	PRON	_	Case=Nom|Number=Plur|Person=2	_	_	_	@tvc1947f-words#@tvc1947f#952.161#952.569
852	можете	мочь	VERB	_	Aspect=Imp|Mood=Ind|Number=Plur|Person=2|Tense=Pres|VerbForm=Fin|Voice=Act	_	_	_	@tvc1947f-words#@tvc1947f#952.569#952.977
853	меня	я	PRON	_	Case=Acc|Number=Sing|Person=1	_	_	_	@tvc1947f-words#@tvc1947f#952.977#953.385
854	ээ	ээ	INTJ	_	_	_	_	_	@tvc1947f-words#@tvc1947f#953.385#953.793
855	щипнуть	щипнуть	VERB	_	Aspect=Perf|VerbForm=Inf|Voice=Act	_	_	_	@tvc1947f-words#@tvc1947f#953.793#954.201
856	на	на	ADP	_	_	_	_	_	@tvc1947f-words#@tvc1947f#954.201#954.609
857	тему	тема	NOUN	_	Animacy=Inan|Case=Acc|Gender=Fem|Number=Sing	_	_	_	@tvc1947f-words#@tvc1947f#954.609#955.017
858	знаменитого	знаменитый	ADJ	_	Case=Gen|Degree=Pos|Gender=Masc|Number=Sing	_	_	_	@tvc1947f-words#@tvc1947f#955.017#955.425
859	гена	ген	NOUN	_	Animacy=Inan|Case=Gen|Gender=Masc|Number=Sing	_	_	_	@tvc1947f-words#@tvc1947f#955.425#955.833
860	фокс	фокс	NOUN	_	Animacy=Inan|Case=Gen|Gender=Fem|Number=Plur	_	_	_	@tvc1947f-words#@tvc1947f#955.833#956.241
861	пи	пить	NOUN	_	Animacy=Inan|Case=Gen|Gender=Fem|Number=Sing	_	_	_	@tvc1947f-words#@tvc1947f#956.241#956.649
862	два	два	NUM	_	Case=Nom|Gender=Masc	_	_	_	@tvc1947f-words#@tvc1947f#956.649#957.057
863	/	/	PUNCT	_	_	_	_	_	@tvc1947f-words#@tvc1947f#957.057#957.465
864	который	который	PRON	_	Case=Nom	_	_	_	@tvc1947f-words#@tvc1947f#957.465#957.873
865	был	быть	AUX	_	Aspect=Imp|Gender=Masc|Mood=Ind|Number=Sing|Tense=Past|VerbForm=Fin|Voice=Act	_	_	_	@tvc1947f-words#@tvc1947f#957.873#958.281
866	объявлен	объявить	VERB	_	Aspect=Perf|Gender=Masc|Number=Sing|Tense=Past|Variant=Short|VerbForm=Part|Voice=Pass	_	_	_	@tvc1947f-words#@tvc1947f#958.281#958.689
867	как	как	SCONJ	_	_	_	_	_	@tvc1947f-words#@tvc1947f#958.689#959.097
868	ген	генный	NOUN	_	Animacy=Inan|Case=Nom|Gender=Masc|Number=Sing	_	_	_	@tvc1947f-words#@tvc1947f#959.097#959.505
869	языка	язык	NOUN	_	Animacy=Inan|Case=Gen|Gender=Masc|Number=Sing	_	_	_	@tvc1947f-words#@tvc1947f#959.505#959.922
